Date,Currency,Rate
2026-01-01,AED,4.9482
2026-01-01,AUD,2.0177
2026-01-01,BGN,2.2455
2026-01-01,BRL,7.4354
2026-01-01,CAD,1.8484
2026-01-01,CHF,1.0672
2026-01-01,CNY,9.4231
2026-01-01,COP,5079.2238
2026-01-01,CZK,27.7365
2026-01-01,DKK,8.5646
2026-01-01,EUR,1.1466
2026-01-01,HKD,10.4905
2026-01-01,HUF,440.5603
2026-01-01,IDR,22467.3287
2026-01-01,ILS,4.2939
2026-01-01,INR,121.2192
2026-01-01,JPY,211.2031
2026-01-01,KRW,1945.5421
2026-01-01,MKD,70.6795
2026-01-01,MXN,24.2357
2026-01-01,MYR,5.4636
2026-01-01,NOK,13.5589
2026-01-01,NZD,2.3404
2026-01-01,PHP,79.38
2026-01-01,PLN,4.8349
2026-01-01,RON,5.8424
2026-01-01,SEK,12.3989
2026-01-01,SGD,1.7315
2026-01-01,THB,42.3684
2026-01-01,TND,3.9318
2026-01-01,TRY,57.9362
2026-01-01,USD,1.3474
2026-01-01,VND,35438.3403
2026-01-01,XOF,752.151
2026-01-01,ZAR,22.3203
2026-01-02,AED,4.947
2026-01-02,AUD,2.0118
2026-01-02,BGN,2.2447
2026-01-02,BRL,7.3052
2026-01-02,CAD,1.8504
2026-01-02,CHF,1.0667
2026-01-02,CNY,9.42
2026-01-02,COP,5074.9785
2026-01-02,CZK,27.749
2026-01-02,DKK,8.5846
2026-01-02,EUR,1.1486
2026-01-02,HKD,10.495
2026-01-02,HUF,440.3963
2026-01-02,IDR,22497.0653
2026-01-02,ILS,4.2917
2026-01-02,INR,121.2404
2026-01-02,JPY,211.1736
2026-01-02,KRW,1942.9888
2026-01-02,MKD,70.6776
2026-01-02,MXN,24.1164
2026-01-02,MYR,5.4624
2026-01-02,NOK,13.5567
2026-01-02,NZD,2.3351
2026-01-02,PHP,79.2233
2026-01-02,PLN,4.8377
2026-01-02,RON,5.8485
2026-01-02,SEK,12.4198
2026-01-02,SGD,1.7316
2026-01-02,THB,42.4709
2026-01-02,TND,3.8875
2026-01-02,TRY,57.9672
2026-01-02,USD,1.3469
2026-01-02,VND,35426.0731
2026-01-02,XOF,753.4553
2026-01-02,ZAR,22.2101
2026-01-03,AED,4.947
2026-01-03,AUD,2.0118
2026-01-03,BGN,2.2447
2026-01-03,BRL,7.3052
2026-01-03,CAD,1.8504
2026-01-03,CHF,1.0667
2026-01-03,CNY,9.42
2026-01-03,COP,5074.9785
2026-01-03,CZK,27.749
2026-01-03,DKK,8.5846
2026-01-03,EUR,1.1486
2026-01-03,HKD,10.495
2026-01-03,HUF,440.3963
2026-01-03,IDR,22497.0653
2026-01-03,ILS,4.2917
2026-01-03,INR,121.2404
2026-01-03,JPY,211.1736
2026-01-03,KRW,1942.9888
2026-01-03,MKD,70.6776
2026-01-03,MXN,24.1164
2026-01-03,MYR,5.4624
2026-01-03,NOK,13.5567
2026-01-03,NZD,2.3351
2026-01-03,PHP,79.2233
2026-01-03,PLN,4.8377
2026-01-03,RON,5.8485
2026-01-03,SEK,12.4198
2026-01-03,SGD,1.7316
2026-01-03,THB,42.4709
2026-01-03,TND,3.8875
2026-01-03,TRY,57.9672
2026-01-03,USD,1.3469
2026-01-03,VND,35426.0731
2026-01-03,XOF,753.4553
2026-01-03,ZAR,22.2101
2026-01-04,AED,4.9354
2026-01-04,AUD,2.0107
2026-01-04,BGN,2.2456
2026-01-04,BRL,7.288
2026-01-04,CAD,1.8475
2026-01-04,CHF,1.066
2026-01-04,CNY,9.3989
2026-01-04,COP,5075.0486
2026-01-04,CZK,27.7375
2026-01-04,DKK,8.5752
2026-01-04,EUR,1.148
2026-01-04,HKD,10.4698
2026-01-04,HUF,441.1492
2026-01-04,IDR,22446.5155
2026-01-04,ILS,4.2823
2026-01-04,INR,120.9681
2026-01-04,JPY,210.9575
2026-01-04,KRW,1938.5112
2026-01-04,MKD,70.6323
2026-01-04,MXN,24.0759
2026-01-04,MYR,5.4481
2026-01-04,NOK,13.5372
2026-01-04,NZD,2.3351
2026-01-04,PHP,79.0365
2026-01-04,PLN,4.8331
2026-01-04,RON,5.8355
2026-01-04,SEK,12.4047
2026-01-04,SGD,1.7307
2026-01-04,THB,42.4696
2026-01-04,TND,3.9215
2026-01-04,TRY,57.8395
2026-01-04,USD,1.3439
2026-01-04,VND,35346.4724
2026-01-04,XOF,753.0598
2026-01-04,ZAR,22.1789
2026-01-05,AED,4.97
2026-01-05,AUD,2.0159
2026-01-05,BGN,2.2593
2026-01-05,BRL,7.32
2026-01-05,CAD,1.864
2026-01-05,CHF,1.0721
2026-01-05,CNY,9.4578
2026-01-05,COP,5094.663
2026-01-05,CZK,27.9439
2026-01-05,DKK,8.6303
2026-01-05,EUR,1.1553
2026-01-05,HKD,10.536
2026-01-05,HUF,443.7907
2026-01-05,IDR,22656.8783
2026-01-05,ILS,4.2678
2026-01-05,INR,122.1122
2026-01-05,JPY,211.9843
2026-01-05,KRW,1957.6377
2026-01-05,MKD,71.0905
2026-01-05,MXN,24.2508
2026-01-05,MYR,5.5106
2026-01-05,NOK,13.5869
2026-01-05,NZD,2.3389
2026-01-05,PHP,80.0082
2026-01-05,PLN,4.866
2026-01-05,RON,5.878
2026-01-05,SEK,12.4226
2026-01-05,SGD,1.7361
2026-01-05,THB,42.3717
2026-01-05,TND,3.9145
2026-01-05,TRY,58.2514
2026-01-05,USD,1.3533
2026-01-05,VND,35556.8928
2026-01-05,XOF,757.8048
2026-01-05,ZAR,22.1601
2026-01-06,AED,4.9578
2026-01-06,AUD,2.0044
2026-01-06,BGN,2.259
2026-01-06,BRL,7.2541
2026-01-06,CAD,1.8652
2026-01-06,CHF,1.0741
2026-01-06,CNY,9.4278
2026-01-06,COP,5089.639
2026-01-06,CZK,27.9231
2026-01-06,DKK,8.6301
2026-01-06,EUR,1.1551
2026-01-06,HKD,10.5126
2026-01-06,HUF,444.3663
2026-01-06,IDR,22608.8736
2026-01-06,ILS,4.2781
2026-01-06,INR,121.6971
2026-01-06,JPY,211.523
2026-01-06,KRW,1952.158
2026-01-06,MKD,71.0884
2026-01-06,MXN,24.2809
2026-01-06,MYR,5.462
2026-01-06,NOK,13.5776
2026-01-06,NZD,2.3352
2026-01-06,PHP,80.0401
2026-01-06,PLN,4.8617
2026-01-06,RON,5.8775
2026-01-06,SEK,12.4249
2026-01-06,SGD,1.7289
2026-01-06,THB,42.1192
2026-01-06,TND,3.8943
2026-01-06,TRY,58.1061
2026-01-06,USD,1.35
2026-01-06,VND,35469.6752
2026-01-06,XOF,757.6685
2026-01-06,ZAR,22.0946
2026-01-07,AED,4.9426
2026-01-07,AUD,2.0022
2026-01-07,BGN,2.2543
2026-01-07,BRL,7.2482
2026-01-07,CAD,1.8652
2026-01-07,CHF,1.0737
2026-01-07,CNY,9.4173
2026-01-07,COP,5018.8311
2026-01-07,CZK,27.9904
2026-01-07,DKK,8.6127
2026-01-07,EUR,1.1526
2026-01-07,HKD,10.4787
2026-01-07,HUF,443.4402
2026-01-07,IDR,22554.8808
2026-01-07,ILS,4.2657
2026-01-07,INR,120.9357
2026-01-07,JPY,210.9182
2026-01-07,KRW,1947.7687
2026-01-07,MKD,70.9383
2026-01-07,MXN,24.201
2026-01-07,MYR,5.4608
2026-01-07,NOK,13.5697
2026-01-07,NZD,2.3311
2026-01-07,PHP,79.7914
2026-01-07,PLN,4.8515
2026-01-07,RON,5.864
2026-01-07,SEK,12.3668
2026-01-07,SGD,1.7263
2026-01-07,THB,42.1789
2026-01-07,TND,3.9
2026-01-07,TRY,57.9275
2026-01-07,USD,1.3458
2026-01-07,VND,35361.2648
2026-01-07,XOF,756.0444
2026-01-07,ZAR,22.1464
2026-01-08,AED,4.9342
2026-01-08,AUD,2.0063
2026-01-08,BGN,2.2542
2026-01-08,BRL,7.2393
2026-01-08,CAD,1.8629
2026-01-08,CHF,1.0736
2026-01-08,CNY,9.3831
2026-01-08,COP,5044.1324
2026-01-08,CZK,27.9985
2026-01-08,DKK,8.612
2026-01-08,EUR,1.1525
2026-01-08,HKD,10.4692
2026-01-08,HUF,443.9773
2026-01-08,IDR,22588.3507
2026-01-08,ILS,4.2578
2026-01-08,INR,120.7932
2026-01-08,JPY,210.7931
2026-01-08,KRW,1949.7527
2026-01-08,MKD,70.9339
2026-01-08,MXN,24.1567
2026-01-08,MYR,5.4515
2026-01-08,NOK,13.5448
2026-01-08,NZD,2.337
2026-01-08,PHP,79.435
2026-01-08,PLN,4.8553
2026-01-08,RON,5.8646
2026-01-08,SEK,12.3894
2026-01-08,SGD,1.7267
2026-01-08,THB,42.2279
2026-01-08,TND,3.8938
2026-01-08,TRY,57.9534
2026-01-08,USD,1.3436
2026-01-08,VND,35310.2523
2026-01-08,XOF,756.0167
2026-01-08,ZAR,22.2036
2026-01-09,AED,4.9244
2026-01-09,AUD,2.0019
2026-01-09,BGN,2.2534
2026-01-09,BRL,7.2038
2026-01-09,CAD,1.8662
2026-01-09,CHF,1.0738
2026-01-09,CNY,9.3545
2026-01-09,COP,4978.6477
2026-01-09,CZK,27.9839
2026-01-09,DKK,8.6091
2026-01-09,EUR,1.1523
2026-01-09,HKD,10.4511
2026-01-09,HUF,444.2464
2026-01-09,IDR,22582.1127
2026-01-09,ILS,4.2206
2026-01-09,INR,121.0228
2026-01-09,JPY,211.6806
2026-01-09,KRW,1953.8321
2026-01-09,MKD,70.9158
2026-01-09,MXN,24.1031
2026-01-09,MYR,5.4613
2026-01-09,NOK,13.5365
2026-01-09,NZD,2.3386
2026-01-09,PHP,79.4961
2026-01-09,PLN,4.8537
2026-01-09,RON,5.8641
2026-01-09,SEK,12.3434
2026-01-09,SGD,1.7255
2026-01-09,THB,42.2517
2026-01-09,TND,3.8847
2026-01-09,TRY,57.7211
2026-01-09,USD,1.3407
2026-01-09,VND,35216.7069
2026-01-09,XOF,755.852
2026-01-09,ZAR,22.1055
2026-01-10,AED,4.9244
2026-01-10,AUD,2.0019
2026-01-10,BGN,2.2534
2026-01-10,BRL,7.2038
2026-01-10,CAD,1.8662
2026-01-10,CHF,1.0738
2026-01-10,CNY,9.3545
2026-01-10,COP,4978.6477
2026-01-10,CZK,27.9839
2026-01-10,DKK,8.6091
2026-01-10,EUR,1.1523
2026-01-10,HKD,10.4511
2026-01-10,HUF,444.2464
2026-01-10,IDR,22582.1127
2026-01-10,ILS,4.2206
2026-01-10,INR,121.0228
2026-01-10,JPY,211.6806
2026-01-10,KRW,1953.8321
2026-01-10,MKD,70.9158
2026-01-10,MXN,24.1031
2026-01-10,MYR,5.4613
2026-01-10,NOK,13.5365
2026-01-10,NZD,2.3386
2026-01-10,PHP,79.4961
2026-01-10,PLN,4.8537
2026-01-10,RON,5.8641
2026-01-10,SEK,12.3434
2026-01-10,SGD,1.7255
2026-01-10,THB,42.2517
2026-01-10,TND,3.8847
2026-01-10,TRY,57.7211
2026-01-10,USD,1.3407
2026-01-10,VND,35216.7069
2026-01-10,XOF,755.852
2026-01-10,ZAR,22.1055
2026-01-11,AED,4.919
2026-01-11,AUD,2.0035
2026-01-11,BGN,2.2536
2026-01-11,BRL,7.1953
2026-01-11,CAD,1.8636
2026-01-11,CHF,1.0738
2026-01-11,CNY,9.3452
2026-01-11,COP,4979.2403
2026-01-11,CZK,27.9714
2026-01-11,DKK,8.61
2026-01-11,EUR,1.1523
2026-01-11,HKD,10.4398
2026-01-11,HUF,444.3918
2026-01-11,IDR,22540.657
2026-01-11,ILS,4.2163
2026-01-11,INR,120.8765
2026-01-11,JPY,211.8181
2026-01-11,KRW,1952.1722
2026-01-11,MKD,70.8414
2026-01-11,MXN,24.0803
2026-01-11,MYR,5.4827
2026-01-11,NOK,13.5128
2026-01-11,NZD,2.3381
2026-01-11,PHP,79.3996
2026-01-11,PLN,4.8535
2026-01-11,RON,5.859
2026-01-11,SEK,12.3502
2026-01-11,SGD,1.7242
2026-01-11,THB,42.1596
2026-01-11,TND,3.8982
2026-01-11,TRY,57.7829
2026-01-11,USD,1.3394
2026-01-11,VND,35190.9049
2026-01-11,XOF,755.8711
2026-01-11,ZAR,22.0931
2026-01-12,AED,4.9453
2026-01-12,AUD,2.0075
2026-01-12,BGN,2.2574
2026-01-12,BRL,7.2394
2026-01-12,CAD,1.8686
2026-01-12,CHF,1.0737
2026-01-12,CNY,9.39
2026-01-12,COP,5007.9353
2026-01-12,CZK,28.0245
2026-01-12,DKK,8.624
2026-01-12,EUR,1.1541
2026-01-12,HKD,10.4984
2026-01-12,HUF,446.7377
2026-01-12,IDR,22723.3162
2026-01-12,ILS,4.2264
2026-01-12,INR,121.3716
2026-01-12,JPY,212.7069
2026-01-12,KRW,1974.1445
2026-01-12,MKD,71.0311
2026-01-12,MXN,24.136
2026-01-12,MYR,5.4712
2026-01-12,NOK,13.5619
2026-01-12,NZD,2.3327
2026-01-12,PHP,79.8659
2026-01-12,PLN,4.8609
2026-01-12,RON,5.8753
2026-01-12,SEK,12.3509
2026-01-12,SGD,1.7313
2026-01-12,THB,42.0403
2026-01-12,TND,3.9128
2026-01-12,TRY,58.1009
2026-01-12,USD,1.3466
2026-01-12,VND,35380.5497
2026-01-12,XOF,757.0606
2026-01-12,ZAR,22.0677
2026-01-13,AED,4.9306
2026-01-13,AUD,2.0089
2026-01-13,BGN,2.2554
2026-01-13,BRL,7.2149
2026-01-13,CAD,1.8645
2026-01-13,CHF,1.0756
2026-01-13,CNY,9.3686
2026-01-13,COP,4994.9203
2026-01-13,CZK,27.9452
2026-01-13,DKK,8.6169
2026-01-13,EUR,1.1532
2026-01-13,HKD,10.4736
2026-01-13,HUF,445.4421
2026-01-13,IDR,22632.9171
2026-01-13,ILS,4.223
2026-01-13,INR,121.213
2026-01-13,JPY,213.7295
2026-01-13,KRW,1979.1041
2026-01-13,MKD,70.957
2026-01-13,MXN,23.9342
2026-01-13,MYR,5.4489
2026-01-13,NOK,13.5442
2026-01-13,NZD,2.3396
2026-01-13,PHP,79.7643
2026-01-13,PLN,4.858
2026-01-13,RON,5.871
2026-01-13,SEK,12.3853
2026-01-13,SGD,1.7306
2026-01-13,THB,42.3451
2026-01-13,TND,3.898
2026-01-13,TRY,57.9427
2026-01-13,USD,1.3426
2026-01-13,VND,35284.7474
2026-01-13,XOF,756.4496
2026-01-13,ZAR,22.0166
2026-01-14,AED,4.9362
2026-01-14,AUD,2.0114
2026-01-14,BGN,2.2573
2026-01-14,BRL,7.255
2026-01-14,CAD,1.8664
2026-01-14,CHF,1.075
2026-01-14,CNY,9.3735
2026-01-14,COP,4906.3979
2026-01-14,CZK,27.9836
2026-01-14,DKK,8.6235
2026-01-14,EUR,1.1541
2026-01-14,HKD,10.481
2026-01-14,HUF,445.7463
2026-01-14,IDR,22658.5924
2026-01-14,ILS,4.2406
2026-01-14,INR,121.2642
2026-01-14,JPY,212.9357
2026-01-14,KRW,1967.774
2026-01-14,MKD,71.0469
2026-01-14,MXN,23.9255
2026-01-14,MYR,5.4423
2026-01-14,NOK,13.5186
2026-01-14,NZD,2.3404
2026-01-14,PHP,79.9771
2026-01-14,PLN,4.8605
2026-01-14,RON,5.8733
2026-01-14,SEK,12.3609
2026-01-14,SGD,1.7308
2026-01-14,THB,42.3125
2026-01-14,TND,3.8845
2026-01-14,TRY,58.0317
2026-01-14,USD,1.3441
2026-01-14,VND,35324.7753
2026-01-14,XOF,757.0689
2026-01-14,ZAR,22.0483
2026-01-15,AED,4.9138
2026-01-15,AUD,1.9966
2026-01-15,BGN,2.2543
2026-01-15,BRL,7.1843
2026-01-15,CAD,1.8585
2026-01-15,CHF,1.075
2026-01-15,CNY,9.321
2026-01-15,COP,4936.5418
2026-01-15,CZK,27.9822
2026-01-15,DKK,8.6116
2026-01-15,EUR,1.1526
2026-01-15,HKD,10.433
2026-01-15,HUF,444.0802
2026-01-15,IDR,22601.3561
2026-01-15,ILS,4.2056
2026-01-15,INR,120.9041
2026-01-15,JPY,212.2015
2026-01-15,KRW,1966.7798
2026-01-15,MKD,70.9391
2026-01-15,MXN,23.624
2026-01-15,MYR,5.4249
2026-01-15,NOK,13.527
2026-01-15,NZD,2.3299
2026-01-15,PHP,79.5776
2026-01-15,PLN,4.8541
2026-01-15,RON,5.8663
2026-01-15,SEK,12.3335
2026-01-15,SGD,1.7233
2026-01-15,THB,42.0266
2026-01-15,TND,3.8801
2026-01-15,TRY,57.9034
2026-01-15,USD,1.338
2026-01-15,VND,35145.7914
2026-01-15,XOF,756.0434
2026-01-15,ZAR,21.8716
2026-01-16,AED,4.9152
2026-01-16,AUD,2.0024
2026-01-16,BGN,2.2565
2026-01-16,BRL,7.1856
2026-01-16,CAD,1.8634
2026-01-16,CHF,1.0743
2026-01-16,CNY,9.3257
2026-01-16,COP,4938.1926
2026-01-16,CZK,27.9902
2026-01-16,DKK,8.62
2026-01-16,EUR,1.1534
2026-01-16,HKD,10.4344
2026-01-16,HUF,444.4167
2026-01-16,IDR,22627.677
2026-01-16,ILS,4.2088
2026-01-16,INR,121.4107
2026-01-16,JPY,211.7102
2026-01-16,KRW,1971.9443
2026-01-16,MKD,71.0111
2026-01-16,MXN,23.587
2026-01-16,MYR,5.4297
2026-01-16,NOK,13.5094
2026-01-16,NZD,2.3265
2026-01-16,PHP,79.5293
2026-01-16,PLN,4.8679
2026-01-16,RON,5.873
2026-01-16,SEK,12.3408
2026-01-16,SGD,1.7235
2026-01-16,THB,42.0864
2026-01-16,TND,3.8821
2026-01-16,TRY,57.914
2026-01-16,USD,1.3382
2026-01-16,VND,35160.2948
2026-01-16,XOF,756.5757
2026-01-16,ZAR,21.9556
2026-01-17,AED,4.9152
2026-01-17,AUD,2.0024
2026-01-17,BGN,2.2565
2026-01-17,BRL,7.1856
2026-01-17,CAD,1.8634
2026-01-17,CHF,1.0743
2026-01-17,CNY,9.3257
2026-01-17,COP,4938.1926
2026-01-17,CZK,27.9902
2026-01-17,DKK,8.62
2026-01-17,EUR,1.1534
2026-01-17,HKD,10.4344
2026-01-17,HUF,444.4167
2026-01-17,IDR,22627.677
2026-01-17,ILS,4.2088
2026-01-17,INR,121.4107
2026-01-17,JPY,211.7102
2026-01-17,KRW,1971.9443
2026-01-17,MKD,71.0111
2026-01-17,MXN,23.587
2026-01-17,MYR,5.4297
2026-01-17,NOK,13.5094
2026-01-17,NZD,2.3265
2026-01-17,PHP,79.5293
2026-01-17,PLN,4.8679
2026-01-17,RON,5.873
2026-01-17,SEK,12.3408
2026-01-17,SGD,1.7235
2026-01-17,THB,42.0864
2026-01-17,TND,3.8821
2026-01-17,TRY,57.914
2026-01-17,USD,1.3382
2026-01-17,VND,35160.2948
2026-01-17,XOF,756.5757
2026-01-17,ZAR,21.9556
2026-01-18,AED,4.9226
2026-01-18,AUD,2.0044
2026-01-18,BGN,2.2557
2026-01-18,BRL,7.1975
2026-01-18,CAD,1.8632
2026-01-18,CHF,1.0706
2026-01-18,CNY,9.3407
2026-01-18,COP,4938.2927
2026-01-18,CZK,27.981
2026-01-18,DKK,8.6155
2026-01-18,EUR,1.1531
2026-01-18,HKD,10.452
2026-01-18,HUF,444.2604
2026-01-18,IDR,22652.5504
2026-01-18,ILS,4.2155
2026-01-18,INR,121.5927
2026-01-18,JPY,211.202
2026-01-18,KRW,1975.2007
2026-01-18,MKD,71.0916
2026-01-18,MXN,23.6404
2026-01-18,MYR,5.4385
2026-01-18,NOK,13.5077
2026-01-18,NZD,2.3257
2026-01-18,PHP,79.6383
2026-01-18,PLN,4.8698
2026-01-18,RON,5.8833
2026-01-18,SEK,12.3375
2026-01-18,SGD,1.7248
2026-01-18,THB,42.0603
2026-01-18,TND,3.9075
2026-01-18,TRY,58.0039
2026-01-18,USD,1.3404
2026-01-18,VND,35216.8001
2026-01-18,XOF,756.3804
2026-01-18,ZAR,22.0083
2026-01-19,AED,4.928
2026-01-19,AUD,2.0
2026-01-19,BGN,2.2548
2026-01-19,BRL,7.2061
2026-01-19,CAD,1.8618
2026-01-19,CHF,1.0708
2026-01-19,CNY,9.3449
2026-01-19,COP,4955.9167
2026-01-19,CZK,28.0151
2026-01-19,DKK,8.6132
2026-01-19,EUR,1.1529
2026-01-19,HKD,10.4624
2026-01-19,HUF,444.5761
2026-01-19,IDR,22739.6036
2026-01-19,ILS,4.2341
2026-01-19,INR,121.9818
2026-01-19,JPY,212.2615
2026-01-19,KRW,1975.9156
2026-01-19,MKD,70.9301
2026-01-19,MXN,23.6063
2026-01-19,MYR,5.4413
2026-01-19,NOK,13.5037
2026-01-19,NZD,2.3165
2026-01-19,PHP,79.7531
2026-01-19,PLN,4.8699
2026-01-19,RON,5.8708
2026-01-19,SEK,12.3562
2026-01-19,SGD,1.7247
2026-01-19,THB,41.9333
2026-01-19,TND,3.9294
2026-01-19,TRY,58.0774
2026-01-19,USD,1.3419
2026-01-19,VND,35247.2816
2026-01-19,XOF,756.2439
2026-01-19,ZAR,22.0011
2026-01-20,AED,4.9358
2026-01-20,AUD,1.9964
2026-01-20,BGN,2.2414
2026-01-20,BRL,7.2251
2026-01-20,CAD,1.8592
2026-01-20,CHF,1.0614
2026-01-20,CNY,9.3557
2026-01-20,COP,4921.0056
2026-01-20,CZK,27.887
2026-01-20,DKK,8.5618
2026-01-20,EUR,1.146
2026-01-20,HKD,10.482
2026-01-20,HUF,441.3366
2026-01-20,IDR,22810.1804
2026-01-20,ILS,4.2514
2026-01-20,INR,122.4612
2026-01-20,JPY,212.5791
2026-01-20,KRW,1987.4537
2026-01-20,MKD,70.6556
2026-01-20,MXN,23.6709
2026-01-20,MYR,5.4491
2026-01-20,NOK,13.4363
2026-01-20,NZD,2.3065
2026-01-20,PHP,79.7717
2026-01-20,PLN,4.8413
2026-01-20,RON,5.8361
2026-01-20,SEK,12.2636
2026-01-20,SGD,1.7254
2026-01-20,THB,41.6906
2026-01-20,TND,3.9241
2026-01-20,TRY,58.1866
2026-01-20,USD,1.344
2026-01-20,VND,35302.7536
2026-01-20,XOF,751.7526
2026-01-20,ZAR,22.075
2026-01-21,AED,4.928
2026-01-21,AUD,1.9866
2026-01-21,BGN,2.2481
2026-01-21,BRL,7.1382
2026-01-21,CAD,1.8577
2026-01-21,CHF,1.0686
2026-01-21,CNY,9.3447
2026-01-21,COP,4944.8163
2026-01-21,CZK,27.963
2026-01-21,DKK,8.5874
2026-01-21,EUR,1.1495
2026-01-21,HKD,10.4627
2026-01-21,HUF,441.8786
2026-01-21,IDR,22682.13
2026-01-21,ILS,4.2293
2026-01-21,INR,122.8314
2026-01-21,JPY,212.6473
2026-01-21,KRW,1967.6449
2026-01-21,MKD,70.7685
2026-01-21,MXN,23.4798
2026-01-21,MYR,5.4366
2026-01-21,NOK,13.381
2026-01-21,NZD,2.2988
2026-01-21,PHP,79.4994
2026-01-21,PLN,4.8423
2026-01-21,RON,5.8576
2026-01-21,SEK,12.2376
2026-01-21,SGD,1.7248
2026-01-21,THB,42.0141
2026-01-21,TND,3.8763
2026-01-21,TRY,58.1037
2026-01-21,USD,1.3419
2026-01-21,VND,35247.5653
2026-01-21,XOF,754.0486
2026-01-21,ZAR,21.8461
2026-01-22,AED,4.9577
2026-01-22,AUD,1.9739
2026-01-22,BGN,2.2463
2026-01-22,BRL,7.1348
2026-01-22,CAD,1.8608
2026-01-22,CHF,1.0653
2026-01-22,CNY,9.4141
2026-01-22,COP,4939.1169
2026-01-22,CZK,27.8744
2026-01-22,DKK,8.5783
2026-01-22,EUR,1.1485
2026-01-22,HKD,10.5259
2026-01-22,HUF,438.7301
2026-01-22,IDR,22715.1175
2026-01-22,ILS,4.2342
2026-01-22,INR,123.6004
2026-01-22,JPY,213.978
2026-01-22,KRW,1976.8329
2026-01-22,MKD,71.1739
2026-01-22,MXN,23.5855
2026-01-22,MYR,5.4538
2026-01-22,NOK,13.2984
2026-01-22,NZD,2.2821
2026-01-22,PHP,79.6989
2026-01-22,PLN,4.8228
2026-01-22,RON,5.8482
2026-01-22,SEK,12.1564
2026-01-22,SGD,1.7287
2026-01-22,THB,41.9432
2026-01-22,TND,3.8904
2026-01-22,TRY,58.514
2026-01-22,USD,1.35
2026-01-22,VND,35469.2441
2026-01-22,XOF,753.376
2026-01-22,ZAR,21.7956
2026-01-23,AED,5.0115
2026-01-23,AUD,1.9788
2026-01-23,BGN,2.2565
2026-01-23,BRL,7.2172
2026-01-23,CAD,1.8728
2026-01-23,CHF,1.0644
2026-01-23,CNY,9.5021
2026-01-23,COP,4879.4931
2026-01-23,CZK,28.0023
2026-01-23,DKK,8.6161
2026-01-23,EUR,1.1539
2026-01-23,HKD,10.6405
2026-01-23,HUF,440.9699
2026-01-23,IDR,22895.9569
2026-01-23,ILS,4.278
2026-01-23,INR,125.0061
2026-01-23,JPY,212.4749
2026-01-23,KRW,1973.6466
2026-01-23,MKD,71.9457
2026-01-23,MXN,23.6933
2026-01-23,MYR,5.4659
2026-01-23,NOK,13.3354
2026-01-23,NZD,2.2931
2026-01-23,PHP,80.4663
2026-01-23,PLN,4.8555
2026-01-23,RON,5.8869
2026-01-23,SEK,12.2133
2026-01-23,SGD,1.7367
2026-01-23,THB,42.5652
2026-01-23,TND,3.9712
2026-01-23,TRY,59.1829
2026-01-23,USD,1.3646
2026-01-23,VND,35816.2475
2026-01-23,XOF,756.8785
2026-01-23,ZAR,21.9934
2026-01-24,AED,5.0115
2026-01-24,AUD,1.9788
2026-01-24,BGN,2.2565
2026-01-24,BRL,7.2172
2026-01-24,CAD,1.8728
2026-01-24,CHF,1.0644
2026-01-24,CNY,9.5021
2026-01-24,COP,4879.4931
2026-01-24,CZK,28.0023
2026-01-24,DKK,8.6161
2026-01-24,EUR,1.1539
2026-01-24,HKD,10.6405
2026-01-24,HUF,440.9699
2026-01-24,IDR,22895.9569
2026-01-24,ILS,4.278
2026-01-24,INR,125.0061
2026-01-24,JPY,212.4749
2026-01-24,KRW,1973.6466
2026-01-24,MKD,71.9457
2026-01-24,MXN,23.6933
2026-01-24,MYR,5.4659
2026-01-24,NOK,13.3354
2026-01-24,NZD,2.2931
2026-01-24,PHP,80.4663
2026-01-24,PLN,4.8555
2026-01-24,RON,5.8869
2026-01-24,SEK,12.2133
2026-01-24,SGD,1.7367
2026-01-24,THB,42.5652
2026-01-24,TND,3.9712
2026-01-24,TRY,59.1829
2026-01-24,USD,1.3646
2026-01-24,VND,35816.2475
2026-01-24,XOF,756.8785
2026-01-24,ZAR,21.9934
2026-01-25,AED,5.0182
2026-01-25,AUD,1.9764
2026-01-25,BGN,2.2535
2026-01-25,BRL,7.2292
2026-01-25,CAD,1.8723
2026-01-25,CHF,1.063
2026-01-25,CNY,9.529
2026-01-25,COP,4873.3529
2026-01-25,CZK,27.9504
2026-01-25,DKK,8.6043
2026-01-25,EUR,1.1521
2026-01-25,HKD,10.6516
2026-01-25,HUF,440.199
2026-01-25,IDR,22969.2289
2026-01-25,ILS,4.2836
2026-01-25,INR,125.2236
2026-01-25,JPY,212.045
2026-01-25,KRW,1976.48
2026-01-25,MKD,71.1956
2026-01-25,MXN,23.74
2026-01-25,MYR,5.4733
2026-01-25,NOK,13.3121
2026-01-25,NZD,2.2925
2026-01-25,PHP,80.5996
2026-01-25,PLN,4.8488
2026-01-25,RON,5.8963
2026-01-25,SEK,12.1719
2026-01-25,SGD,1.7369
2026-01-25,THB,42.1454
2026-01-25,TND,3.9474
2026-01-25,TRY,59.2947
2026-01-25,USD,1.3664
2026-01-25,VND,35864.552
2026-01-25,XOF,755.7489
2026-01-25,ZAR,21.9686
2026-01-26,AED,5.0225
2026-01-26,AUD,1.9781
2026-01-26,BGN,2.2522
2026-01-26,BRL,7.2218
2026-01-26,CAD,1.8754
2026-01-26,CHF,1.0631
2026-01-26,CNY,9.5109
2026-01-26,COP,4976.2008
2026-01-26,CZK,27.9204
2026-01-26,DKK,8.6016
2026-01-26,EUR,1.1517
2026-01-26,HKD,10.664
2026-01-26,HUF,439.4942
2026-01-26,IDR,22896.5222
2026-01-26,ILS,4.2619
2026-01-26,INR,125.428
2026-01-26,JPY,211.1212
2026-01-26,KRW,1972.21
2026-01-26,MKD,70.9419
2026-01-26,MXN,23.7413
2026-01-26,MYR,5.4233
2026-01-26,NOK,13.3719
2026-01-26,NZD,2.291
2026-01-26,PHP,80.8873
2026-01-26,PLN,4.8445
2026-01-26,RON,5.8698
2026-01-26,SEK,12.2275
2026-01-26,SGD,1.7377
2026-01-26,THB,42.6968
2026-01-26,TND,3.943
2026-01-26,TRY,59.3363
2026-01-26,USD,1.3676
2026-01-26,VND,35810.6643
2026-01-26,XOF,755.4684
2026-01-26,ZAR,21.9235
2026-01-27,AED,5.0775
2026-01-27,AUD,1.976
2026-01-27,BGN,2.2497
2026-01-27,BRL,7.1702
2026-01-27,CAD,1.8794
2026-01-27,CHF,1.055
2026-01-27,CNY,9.6153
2026-01-27,COP,5050.6384
2026-01-27,CZK,27.8779
2026-01-27,DKK,8.5899
2026-01-27,EUR,1.1504
2026-01-27,HKD,10.785
2026-01-27,HUF,437.1668
2026-01-27,IDR,23061.9141
2026-01-27,ILS,4.2948
2026-01-27,INR,126.5535
2026-01-27,JPY,210.7679
2026-01-27,KRW,1981.9117
2026-01-27,MKD,70.8813
2026-01-27,MXN,23.7304
2026-01-27,MYR,5.4632
2026-01-27,NOK,13.2689
2026-01-27,NZD,2.2934
2026-01-27,PHP,81.2946
2026-01-27,PLN,4.8301
2026-01-27,RON,5.8629
2026-01-27,SEK,12.1499
2026-01-27,SGD,1.7432
2026-01-27,THB,42.735
2026-01-27,TND,3.927
2026-01-27,TRY,60.0303
2026-01-27,USD,1.3826
2026-01-27,VND,36135.9579
2026-01-27,XOF,754.5828
2026-01-27,ZAR,21.9502
2026-01-28,AED,5.0769
2026-01-28,AUD,1.9644
2026-01-28,BGN,2.2583
2026-01-28,BRL,7.1866
2026-01-28,CAD,1.8718
2026-01-28,CHF,1.0586
2026-01-28,CNY,9.6027
2026-01-28,COP,5048.5764
2026-01-28,CZK,28.0487
2026-01-28,DKK,8.6181
2026-01-28,EUR,1.1542
2026-01-28,HKD,10.7854
2026-01-28,HUF,438.9328
2026-01-28,IDR,23144.1688
2026-01-28,ILS,4.2826
2026-01-28,INR,127.2376
2026-01-28,JPY,211.6547
2026-01-28,KRW,1977.3447
2026-01-28,MKD,71.1688
2026-01-28,MXN,23.7325
2026-01-28,MYR,5.4176
2026-01-28,NOK,13.2334
2026-01-28,NZD,2.2798
2026-01-28,PHP,81.2575
2026-01-28,PLN,4.854
2026-01-28,RON,5.8829
2026-01-28,SEK,12.1922
2026-01-28,SGD,1.7437
2026-01-28,THB,42.9927
2026-01-28,TND,3.9515
2026-01-28,TRY,60.0132
2026-01-28,USD,1.3824
2026-01-28,VND,36037.5704
2026-01-28,XOF,757.1026
2026-01-28,ZAR,21.7406
2026-01-29,AED,5.0703
2026-01-29,AUD,1.9592
2026-01-29,BGN,2.2555
2026-01-29,BRL,7.1664
2026-01-29,CAD,1.8629
2026-01-29,CHF,1.0555
2026-01-29,CNY,9.5931
2026-01-29,COP,5059.6413
2026-01-29,CZK,28.0704
2026-01-29,DKK,8.6162
2026-01-29,EUR,1.1537
2026-01-29,HKD,10.7771
2026-01-29,HUF,439.0545
2026-01-29,IDR,23176.5036
2026-01-29,ILS,4.2721
2026-01-29,INR,126.7168
2026-01-29,JPY,211.4817
2026-01-29,KRW,1974.0971
2026-01-29,MKD,71.0758
2026-01-29,MXN,23.7866
2026-01-29,MYR,5.4224
2026-01-29,NOK,13.1717
2026-01-29,NZD,2.2727
2026-01-29,PHP,81.3395
2026-01-29,PLN,4.8526
2026-01-29,RON,5.8813
2026-01-29,SEK,12.1602
2026-01-29,SGD,1.7452
2026-01-29,THB,43.1445
2026-01-29,TND,3.9532
2026-01-29,TRY,60.0021
2026-01-29,USD,1.3806
2026-01-29,VND,35907.0044
2026-01-29,XOF,756.8051
2026-01-29,ZAR,21.7181
2026-01-30,AED,5.0288
2026-01-30,AUD,1.9674
2026-01-30,BGN,2.2599
2026-01-30,BRL,7.2007
2026-01-30,CAD,1.8655
2026-01-30,CHF,1.058
2026-01-30,CNY,9.519
2026-01-30,COP,5024.9552
2026-01-30,CZK,28.1097
2026-01-30,DKK,8.6291
2026-01-30,EUR,1.1552
2026-01-30,HKD,10.6942
2026-01-30,HUF,440.4764
2026-01-30,IDR,22967.13
2026-01-30,ILS,4.232
2026-01-30,INR,125.541
2026-01-30,JPY,211.8925
2026-01-30,KRW,1986.5661
2026-01-30,MKD,71.1777
2026-01-30,MXN,23.9162
2026-01-30,MYR,5.3978
2026-01-30,NOK,13.2042
2026-01-30,NZD,2.2742
2026-01-30,PHP,80.6484
2026-01-30,PLN,4.8692
2026-01-30,RON,5.8879
2026-01-30,SEK,12.2216
2026-01-30,SGD,1.7389
2026-01-30,THB,43.2096
2026-01-30,TND,3.8957
2026-01-30,TRY,59.55
2026-01-30,USD,1.3693
2026-01-30,VND,35455.7299
2026-01-30,XOF,757.7377
2026-01-30,ZAR,22.1053
2026-01-31,AED,5.0288
2026-01-31,AUD,1.9674
2026-01-31,BGN,2.2599
2026-01-31,BRL,7.2007
2026-01-31,CAD,1.8655
2026-01-31,CHF,1.058
2026-01-31,CNY,9.519
2026-01-31,COP,5024.9552
2026-01-31,CZK,28.1097
2026-01-31,DKK,8.6291
2026-01-31,EUR,1.1552
2026-01-31,HKD,10.6942
2026-01-31,HUF,440.4764
2026-01-31,IDR,22967.13
2026-01-31,ILS,4.232
2026-01-31,INR,125.541
2026-01-31,JPY,211.8925
2026-01-31,KRW,1986.5661
2026-01-31,MKD,71.1777
2026-01-31,MXN,23.9162
2026-01-31,MYR,5.3978
2026-01-31,NOK,13.2042
2026-01-31,NZD,2.2742
2026-01-31,PHP,80.6484
2026-01-31,PLN,4.8692
2026-01-31,RON,5.8879
2026-01-31,SEK,12.2216
2026-01-31,SGD,1.7389
2026-01-31,THB,43.2096
2026-01-31,TND,3.8957
2026-01-31,TRY,59.55
2026-01-31,USD,1.3693
2026-01-31,VND,35455.7299
2026-01-31,XOF,757.7377
2026-01-31,ZAR,22.1053
2026-02-01,AED,5.0235
2026-02-01,AUD,1.9689
2026-02-01,BGN,2.2578
2026-02-01,BRL,7.1906
2026-02-01,CAD,1.8653
2026-02-01,CHF,1.0582
2026-02-01,CNY,9.5088
2026-02-01,COP,5022.3036
2026-02-01,CZK,28.0807
2026-02-01,DKK,8.6215
2026-02-01,EUR,1.1545
2026-02-01,HKD,10.6829
2026-02-01,HUF,439.8093
2026-02-01,IDR,22950.0737
2026-02-01,ILS,4.2272
2026-02-01,INR,125.4302
2026-02-01,JPY,212.3179
2026-02-01,KRW,1984.4249
2026-02-01,MKD,71.1229
2026-02-01,MXN,23.897
2026-02-01,MYR,5.392
2026-02-01,NOK,13.2041
2026-02-01,NZD,2.2754
2026-02-01,PHP,80.5958
2026-02-01,PLN,4.8644
2026-02-01,RON,5.8814
2026-02-01,SEK,12.2048
2026-02-01,SGD,1.7403
2026-02-01,THB,43.186
2026-02-01,TND,3.9194
2026-02-01,TRY,59.4969
2026-02-01,USD,1.3678
2026-02-01,VND,35481.8259
2026-02-01,XOF,757.2982
2026-02-01,ZAR,22.1217
2026-02-02,AED,5.0211
2026-02-02,AUD,1.9657
2026-02-02,BGN,2.2666
2026-02-02,BRL,7.1927
2026-02-02,CAD,1.8698
2026-02-02,CHF,1.0652
2026-02-02,CNY,9.4973
2026-02-02,COP,5060.357
2026-02-02,CZK,28.1734
2026-02-02,DKK,8.6542
2026-02-02,EUR,1.1588
2026-02-02,HKD,10.6786
2026-02-02,HUF,441.4747
2026-02-02,IDR,22924.3337
2026-02-02,ILS,4.2395
2026-02-02,INR,123.6608
2026-02-02,JPY,212.5789
2026-02-02,KRW,1987.4221
2026-02-02,MKD,71.4343
2026-02-02,MXN,23.776
2026-02-02,MYR,5.4176
2026-02-02,NOK,13.2592
2026-02-02,NZD,2.2747
2026-02-02,PHP,80.5176
2026-02-02,PLN,4.8927
2026-02-02,RON,5.9055
2026-02-02,SEK,12.2565
2026-02-02,SGD,1.7386
2026-02-02,THB,43.067
2026-02-02,TND,3.9042
2026-02-02,TRY,59.4462
2026-02-02,USD,1.3672
2026-02-02,VND,35576.5615
2026-02-02,XOF,760.1297
2026-02-02,ZAR,22.0125
2026-02-03,AED,5.0301
2026-02-03,AUD,1.9504
2026-02-03,BGN,2.2672
2026-02-03,BRL,7.1757
2026-02-03,CAD,1.8683
2026-02-03,CHF,1.0625
2026-02-03,CNY,9.5031
2026-02-03,COP,4958.8326
2026-02-03,CZK,28.2001
2026-02-03,DKK,8.658
2026-02-03,EUR,1.1592
2026-02-03,HKD,10.7009
2026-02-03,HUF,441.5186
2026-02-03,IDR,22965.7804
2026-02-03,ILS,4.2214
2026-02-03,INR,123.8508
2026-02-03,JPY,213.3962
2026-02-03,KRW,1982.8582
2026-02-03,MKD,71.4609
2026-02-03,MXN,23.6158
2026-02-03,MYR,5.3863
2026-02-03,NOK,13.1822
2026-02-03,NZD,2.2672
2026-02-03,PHP,80.8522
2026-02-03,PLN,4.8968
2026-02-03,RON,5.9062
2026-02-03,SEK,12.2012
2026-02-03,SGD,1.7396
2026-02-03,THB,43.3503
2026-02-03,TND,3.9589
2026-02-03,TRY,59.5754
2026-02-03,USD,1.3697
2026-02-03,VND,35613.0822
2026-02-03,XOF,760.409
2026-02-03,ZAR,21.8903
2026-02-04,AED,5.0106
2026-02-04,AUD,1.9508
2026-02-04,BGN,2.2615
2026-02-04,BRL,7.1485
2026-02-04,CAD,1.8653
2026-02-04,CHF,1.0606
2026-02-04,CNY,9.4711
2026-02-04,COP,4975.222
2026-02-04,CZK,28.1817
2026-02-04,DKK,8.6339
2026-02-04,EUR,1.1561
2026-02-04,HKD,10.6584
2026-02-04,HUF,439.0057
2026-02-04,IDR,22930.3383
2026-02-04,ILS,4.2225
2026-02-04,INR,123.3949
2026-02-04,JPY,214.0786
2026-02-04,KRW,1993.622
2026-02-04,MKD,71.2368
2026-02-04,MXN,23.6403
2026-02-04,MYR,5.3646
2026-02-04,NOK,13.1967
2026-02-04,NZD,2.2752
2026-02-04,PHP,80.4301
2026-02-04,PLN,4.8769
2026-02-04,RON,5.8892
2026-02-04,SEK,12.2655
2026-02-04,SGD,1.7368
2026-02-04,THB,43.3046
2026-02-04,TND,3.9439
2026-02-04,TRY,59.3829
2026-02-04,USD,1.3644
2026-02-04,VND,35456.2144
2026-02-04,XOF,758.3753
2026-02-04,ZAR,21.9455
2026-02-05,AED,4.9656
2026-02-05,AUD,1.9551
2026-02-05,BGN,2.2453
2026-02-05,BRL,7.1296
2026-02-05,CAD,1.8542
2026-02-05,CHF,1.0517
2026-02-05,CNY,9.3811
2026-02-05,COP,4931.3072
2026-02-05,CZK,27.8513
2026-02-05,DKK,8.5733
2026-02-05,EUR,1.1481
2026-02-05,HKD,10.565
2026-02-05,HUF,436.245
2026-02-05,IDR,22832.0687
2026-02-05,ILS,4.2187
2026-02-05,INR,122.1164
2026-02-05,JPY,212.02
2026-02-05,KRW,1990.0141
2026-02-05,MKD,70.7673
2026-02-05,MXN,23.6869
2026-02-05,MYR,5.3402
2026-02-05,NOK,13.2559
2026-02-05,NZD,2.2772
2026-02-05,PHP,79.5246
2026-02-05,PLN,4.8499
2026-02-05,RON,5.846
2026-02-05,SEK,12.2537
2026-02-05,SGD,1.7249
2026-02-05,THB,43.0649
2026-02-05,TND,3.8501
2026-02-05,TRY,58.9716
2026-02-05,USD,1.3521
2026-02-05,VND,35092.5282
2026-02-05,XOF,753.0996
2026-02-05,ZAR,22.0084
2026-02-06,AED,5.0003
2026-02-06,AUD,1.9412
2026-02-06,BGN,2.2535
2026-02-06,BRL,7.1033
2026-02-06,CAD,1.8633
2026-02-06,CHF,1.0563
2026-02-06,CNY,9.4477
2026-02-06,COP,5037.1813
2026-02-06,CZK,27.9174
2026-02-06,DKK,8.608
2026-02-06,EUR,1.1521
2026-02-06,HKD,10.6389
2026-02-06,HUF,435.2879
2026-02-06,IDR,22948.7629
2026-02-06,ILS,4.2354
2026-02-06,INR,123.3517
2026-02-06,JPY,214.0365
2026-02-06,KRW,1993.0471
2026-02-06,MKD,70.9705
2026-02-06,MXN,23.5053
2026-02-06,MYR,5.3734
2026-02-06,NOK,13.1942
2026-02-06,NZD,2.2636
2026-02-06,PHP,79.6677
2026-02-06,PLN,4.8604
2026-02-06,RON,5.8688
2026-02-06,SEK,12.2855
2026-02-06,SGD,1.7331
2026-02-06,THB,42.8184
2026-02-06,TND,3.877
2026-02-06,TRY,59.3806
2026-02-06,USD,1.3616
2026-02-06,VND,35337.402
2026-02-06,XOF,755.7575
2026-02-06,ZAR,21.8455
2026-02-07,AED,5.0003
2026-02-07,AUD,1.9412
2026-02-07,BGN,2.2535
2026-02-07,BRL,7.1033
2026-02-07,CAD,1.8633
2026-02-07,CHF,1.0563
2026-02-07,CNY,9.4477
2026-02-07,COP,5037.1813
2026-02-07,CZK,27.9174
2026-02-07,DKK,8.608
2026-02-07,EUR,1.1521
2026-02-07,HKD,10.6389
2026-02-07,HUF,435.2879
2026-02-07,IDR,22948.7629
2026-02-07,ILS,4.2354
2026-02-07,INR,123.3517
2026-02-07,JPY,214.0365
2026-02-07,KRW,1993.0471
2026-02-07,MKD,70.9705
2026-02-07,MXN,23.5053
2026-02-07,MYR,5.3734
2026-02-07,NOK,13.1942
2026-02-07,NZD,2.2636
2026-02-07,PHP,79.6677
2026-02-07,PLN,4.8604
2026-02-07,RON,5.8688
2026-02-07,SEK,12.2855
2026-02-07,SGD,1.7331
2026-02-07,THB,42.8184
2026-02-07,TND,3.877
2026-02-07,TRY,59.3806
2026-02-07,USD,1.3616
2026-02-07,VND,35337.402
2026-02-07,XOF,755.7575
2026-02-07,ZAR,21.8455
2026-02-08,AED,4.9979
2026-02-08,AUD,1.9348
2026-02-08,BGN,2.2511
2026-02-08,BRL,7.1002
2026-02-08,CAD,1.8589
2026-02-08,CHF,1.0558
2026-02-08,CNY,9.443
2026-02-08,COP,5034.0794
2026-02-08,CZK,27.8787
2026-02-08,DKK,8.5946
2026-02-08,EUR,1.1508
2026-02-08,HKD,10.6325
2026-02-08,HUF,434.704
2026-02-08,IDR,22929.447
2026-02-08,ILS,4.2332
2026-02-08,INR,123.2526
2026-02-08,JPY,213.9876
2026-02-08,KRW,1992.0117
2026-02-08,MKD,70.9405
2026-02-08,MXN,23.4822
2026-02-08,MYR,5.3712
2026-02-08,NOK,13.1921
2026-02-08,NZD,2.2565
2026-02-08,PHP,79.6175
2026-02-08,PLN,4.8522
2026-02-08,RON,5.866
2026-02-08,SEK,12.2557
2026-02-08,SGD,1.73
2026-02-08,THB,42.9019
2026-02-08,TND,3.8992
2026-02-08,TRY,59.2781
2026-02-08,USD,1.3609
2026-02-08,VND,35319.5609
2026-02-08,XOF,754.8438
2026-02-08,ZAR,21.8174
2026-02-09,AED,5.0254
2026-02-09,AUD,1.9313
2026-02-09,BGN,2.2481
2026-02-09,BRL,7.107
2026-02-09,CAD,1.8555
2026-02-09,CHF,1.0497
2026-02-09,CNY,9.4715
2026-02-09,COP,5014.2005
2026-02-09,CZK,27.8406
2026-02-09,DKK,8.5876
2026-02-09,EUR,1.1495
2026-02-09,HKD,10.693
2026-02-09,HUF,433.0566
2026-02-09,IDR,22991.5122
2026-02-09,ILS,4.2172
2026-02-09,INR,124.203
2026-02-09,JPY,213.6339
2026-02-09,KRW,1996.9713
2026-02-09,MKD,70.8477
2026-02-09,MXN,23.5481
2026-02-09,MYR,5.3737
2026-02-09,NOK,13.1125
2026-02-09,NZD,2.2606
2026-02-09,PHP,79.9823
2026-02-09,PLN,4.8371
2026-02-09,RON,5.849
2026-02-09,SEK,12.2152
2026-02-09,SGD,1.7322
2026-02-09,THB,42.6613
2026-02-09,TND,3.904
2026-02-09,TRY,59.6401
2026-02-09,USD,1.3682
2026-02-09,VND,35464.6161
2026-02-09,XOF,754.0132
2026-02-09,ZAR,21.7693
2026-02-10,AED,5.0067
2026-02-10,AUD,1.9274
2026-02-10,BGN,2.2428
2026-02-10,BRL,7.0859
2026-02-10,CAD,1.8477
2026-02-10,CHF,1.0479
2026-02-10,CNY,9.4215
2026-02-10,COP,4993.5373
2026-02-10,CZK,27.8074
2026-02-10,DKK,8.5678
2026-02-10,EUR,1.1468
2026-02-10,HKD,10.6581
2026-02-10,HUF,433.6523
2026-02-10,IDR,22881.5984
2026-02-10,ILS,4.2027
2026-02-10,INR,123.4975
2026-02-10,JPY,210.6231
2026-02-10,KRW,1985.3867
2026-02-10,MKD,70.6807
2026-02-10,MXN,23.4478
2026-02-10,MYR,5.3475
2026-02-10,NOK,12.982
2026-02-10,NZD,2.2569
2026-02-10,PHP,79.7604
2026-02-10,PLN,4.8389
2026-02-10,RON,5.8394
2026-02-10,SEK,12.1241
2026-02-10,SGD,1.7252
2026-02-10,THB,42.6076
2026-02-10,TND,3.8891
2026-02-10,TRY,59.4835
2026-02-10,USD,1.3633
2026-02-10,VND,35299.9904
2026-02-10,XOF,752.2572
2026-02-10,ZAR,21.7415
2026-02-11,AED,5.0032
2026-02-11,AUD,1.912
2026-02-11,BGN,2.2438
2026-02-11,BRL,7.0844
2026-02-11,CAD,1.8496
2026-02-11,CHF,1.0507
2026-02-11,CNY,9.4183
2026-02-11,COP,5012.8769
2026-02-11,CZK,27.8142
2026-02-11,DKK,8.5708
2026-02-11,EUR,1.1471
2026-02-11,HKD,10.6483
2026-02-11,HUF,435.2457
2026-02-11,IDR,22888.9375
2026-02-11,ILS,4.1921
2026-02-11,INR,123.6142
2026-02-11,JPY,208.8215
2026-02-11,KRW,1968.9978
2026-02-11,MKD,70.7268
2026-02-11,MXN,23.4278
2026-02-11,MYR,5.3336
2026-02-11,NOK,12.923
2026-02-11,NZD,2.2525
2026-02-11,PHP,79.4046
2026-02-11,PLN,4.8366
2026-02-11,RON,5.8379
2026-02-11,SEK,12.1191
2026-02-11,SGD,1.7194
2026-02-11,THB,42.3418
2026-02-11,TND,3.8737
2026-02-11,TRY,59.4544
2026-02-11,USD,1.3623
2026-02-11,VND,35422.5055
2026-02-11,XOF,752.4465
2026-02-11,ZAR,21.6379
2026-02-12,AED,5.0015
2026-02-12,AUD,1.9215
2026-02-12,BGN,2.2444
2026-02-12,BRL,7.0995
2026-02-12,CAD,1.8539
2026-02-12,CHF,1.048
2026-02-12,CNY,9.3979
2026-02-12,COP,4995.5187
2026-02-12,CZK,27.8211
2026-02-12,DKK,8.5713
2026-02-12,EUR,1.1474
2026-02-12,HKD,10.6451
2026-02-12,HUF,434.7798
2026-02-12,IDR,22900.2573
2026-02-12,ILS,4.1727
2026-02-12,INR,123.3377
2026-02-12,JPY,208.0719
2026-02-12,KRW,1963.6905
2026-02-12,MKD,70.6977
2026-02-12,MXN,23.4538
2026-02-12,MYR,5.3147
2026-02-12,NOK,12.9929
2026-02-12,NZD,2.2576
2026-02-12,PHP,79.0094
2026-02-12,PLN,4.8357
2026-02-12,RON,5.8422
2026-02-12,SEK,12.16
2026-02-12,SGD,1.7191
2026-02-12,THB,42.3425
2026-02-12,TND,3.8798
2026-02-12,TRY,59.5591
2026-02-12,USD,1.3619
2026-02-12,VND,35355.0961
2026-02-12,XOF,752.6518
2026-02-12,ZAR,21.7497
2026-02-13,AED,5.014
2026-02-13,AUD,1.9303
2026-02-13,BGN,2.2497
2026-02-13,BRL,7.1248
2026-02-13,CAD,1.8585
2026-02-13,CHF,1.0481
2026-02-13,CNY,9.431
2026-02-13,COP,4996.8891
2026-02-13,CZK,27.9095
2026-02-13,DKK,8.5913
2026-02-13,EUR,1.1501
2026-02-13,HKD,10.6719
2026-02-13,HUF,436.0534
2026-02-13,IDR,22977.6152
2026-02-13,ILS,4.2194
2026-02-13,INR,123.6248
2026-02-13,JPY,208.4577
2026-02-13,KRW,1966.7197
2026-02-13,MKD,70.8682
2026-02-13,MXN,23.4311
2026-02-13,MYR,5.3341
2026-02-13,NOK,12.9768
2026-02-13,NZD,2.2597
2026-02-13,PHP,78.969
2026-02-13,PLN,4.8435
2026-02-13,RON,5.8582
2026-02-13,SEK,12.1801
2026-02-13,SGD,1.7249
2026-02-13,THB,42.2162
2026-02-13,TND,3.882
2026-02-13,TRY,59.5864
2026-02-13,USD,1.3651
2026-02-13,VND,35447.9387
2026-02-13,XOF,754.4115
2026-02-13,ZAR,21.7746
2026-02-14,AED,5.014
2026-02-14,AUD,1.9303
2026-02-14,BGN,2.2497
2026-02-14,BRL,7.1248
2026-02-14,CAD,1.8585
2026-02-14,CHF,1.0481
2026-02-14,CNY,9.431
2026-02-14,COP,4996.8891
2026-02-14,CZK,27.9095
2026-02-14,DKK,8.5913
2026-02-14,EUR,1.1501
2026-02-14,HKD,10.6719
2026-02-14,HUF,436.0534
2026-02-14,IDR,22977.6152
2026-02-14,ILS,4.2194
2026-02-14,INR,123.6248
2026-02-14,JPY,208.4577
2026-02-14,KRW,1966.7197
2026-02-14,MKD,70.8682
2026-02-14,MXN,23.4311
2026-02-14,MYR,5.3341
2026-02-14,NOK,12.9768
2026-02-14,NZD,2.2597
2026-02-14,PHP,78.969
2026-02-14,PLN,4.8435
2026-02-14,RON,5.8582
2026-02-14,SEK,12.1801
2026-02-14,SGD,1.7249
2026-02-14,THB,42.2162
2026-02-14,TND,3.882
2026-02-14,TRY,59.5864
2026-02-14,USD,1.3651
2026-02-14,VND,35447.9387
2026-02-14,XOF,754.4115
2026-02-14,ZAR,21.7746
2026-02-15,AED,5.0116
2026-02-15,AUD,1.9303
2026-02-15,BGN,2.2494
2026-02-15,BRL,7.1219
2026-02-15,CAD,1.8585
2026-02-15,CHF,1.0486
2026-02-15,CNY,9.4276
2026-02-15,COP,4996.9044
2026-02-15,CZK,27.8968
2026-02-15,DKK,8.5908
2026-02-15,EUR,1.15
2026-02-15,HKD,10.6663
2026-02-15,HUF,435.82
2026-02-15,IDR,22969.2747
2026-02-15,ILS,4.2177
2026-02-15,INR,123.5787
2026-02-15,JPY,208.519
2026-02-15,KRW,1966.2607
2026-02-15,MKD,70.8539
2026-02-15,MXN,23.4243
2026-02-15,MYR,5.3322
2026-02-15,NOK,12.9936
2026-02-15,NZD,2.2625
2026-02-15,PHP,78.9448
2026-02-15,PLN,4.8423
2026-02-15,RON,5.8561
2026-02-15,SEK,12.1907
2026-02-15,SGD,1.7229
2026-02-15,THB,42.2185
2026-02-15,TND,3.9005
2026-02-15,TRY,59.6588
2026-02-15,USD,1.3646
2026-02-15,VND,35444.2756
2026-02-15,XOF,754.3461
2026-02-15,ZAR,21.7654
2026-02-16,AED,5.0046
2026-02-16,AUD,1.9269
2026-02-16,BGN,2.2493
2026-02-16,BRL,7.1481
2026-02-16,CAD,1.8583
2026-02-16,CHF,1.0489
2026-02-16,CNY,9.4146
2026-02-16,COP,4986.0169
2026-02-16,CZK,27.9005
2026-02-16,DKK,8.5905
2026-02-16,EUR,1.15
2026-02-16,HKD,10.6503
2026-02-16,HUF,434.1641
2026-02-16,IDR,22945.4166
2026-02-16,ILS,4.2169
2026-02-16,INR,123.7129
2026-02-16,JPY,209.2606
2026-02-16,KRW,1964.0099
2026-02-16,MKD,70.8699
2026-02-16,MXN,23.3967
2026-02-16,MYR,5.3146
2026-02-16,NOK,12.9613
2026-02-16,NZD,2.2593
2026-02-16,PHP,79.0314
2026-02-16,PLN,4.8463
2026-02-16,RON,5.8593
2026-02-16,SEK,12.1868
2026-02-16,SGD,1.7203
2026-02-16,THB,42.4081
2026-02-16,TND,3.9313
2026-02-16,TRY,59.5893
2026-02-16,USD,1.3627
2026-02-16,VND,35395.54
2026-02-16,XOF,754.3222
2026-02-16,ZAR,21.7666
2026-02-17,AED,4.9814
2026-02-17,AUD,1.9151
2026-02-17,BGN,2.2385
2026-02-17,BRL,7.0831
2026-02-17,CAD,1.8499
2026-02-17,CHF,1.0447
2026-02-17,CNY,9.3709
2026-02-17,COP,4962.4972
2026-02-17,CZK,27.786
2026-02-17,DKK,8.5505
2026-02-17,EUR,1.1445
2026-02-17,HKD,10.6007
2026-02-17,HUF,432.5501
2026-02-17,IDR,22858.095
2026-02-17,ILS,4.2064
2026-02-17,INR,122.9256
2026-02-17,JPY,207.7191
2026-02-17,KRW,1954.5223
2026-02-17,MKD,70.5313
2026-02-17,MXN,23.2398
2026-02-17,MYR,5.29
2026-02-17,NOK,12.9327
2026-02-17,NZD,2.2428
2026-02-17,PHP,78.4135
2026-02-17,PLN,4.828
2026-02-17,RON,5.8321
2026-02-17,SEK,12.1654
2026-02-17,SGD,1.7128
2026-02-17,THB,42.496
2026-02-17,TND,3.8918
2026-02-17,TRY,59.3282
2026-02-17,USD,1.3564
2026-02-17,VND,35231.1522
2026-02-17,XOF,750.7233
2026-02-17,ZAR,21.7552
2026-02-18,AED,4.9562
2026-02-18,AUD,1.9161
2026-02-18,BGN,2.2391
2026-02-18,BRL,7.0661
2026-02-18,CAD,1.8485
2026-02-18,CHF,1.0424
2026-02-18,CNY,9.3233
2026-02-18,COP,4945.5654
2026-02-18,CZK,27.756
2026-02-18,DKK,8.553
2026-02-18,EUR,1.1447
2026-02-18,HKD,10.5457
2026-02-18,HUF,434.006
2026-02-18,IDR,22838.8201
2026-02-18,ILS,4.1789
2026-02-18,INR,122.5302
2026-02-18,JPY,208.7765
2026-02-18,KRW,1944.8989
2026-02-18,MKD,70.5597
2026-02-18,MXN,23.2275
2026-02-18,MYR,5.27
2026-02-18,NOK,12.8608
2026-02-18,NZD,2.2617
2026-02-18,PHP,78.3276
2026-02-18,PLN,4.8272
2026-02-18,RON,5.8318
2026-02-18,SEK,12.2012
2026-02-18,SGD,1.7102
2026-02-18,THB,42.1733
2026-02-18,TND,3.8632
2026-02-18,TRY,59.0683
2026-02-18,USD,1.3495
2026-02-18,VND,35053.1397
2026-02-18,XOF,750.874
2026-02-18,ZAR,21.7027
2026-02-19,AED,4.9432
2026-02-19,AUD,1.9077
2026-02-19,BGN,2.2369
2026-02-19,BRL,7.0131
2026-02-19,CAD,1.8424
2026-02-19,CHF,1.0437
2026-02-19,CNY,9.2993
2026-02-19,COP,4959.7059
2026-02-19,CZK,27.7239
2026-02-19,DKK,8.5455
2026-02-19,EUR,1.1437
2026-02-19,HKD,10.5189
2026-02-19,HUF,433.9449
2026-02-19,IDR,22740.5743
2026-02-19,ILS,4.2106
2026-02-19,INR,122.543
2026-02-19,JPY,208.8612
2026-02-19,KRW,1950.0392
2026-02-19,MKD,70.4898
2026-02-19,MXN,23.2324
2026-02-19,MYR,5.2613
2026-02-19,NOK,12.8695
2026-02-19,NZD,2.2545
2026-02-19,PHP,78.2102
2026-02-19,PLN,4.8298
2026-02-19,RON,5.8297
2026-02-19,SEK,12.2109
2026-02-19,SGD,1.7075
2026-02-19,THB,41.9687
2026-02-19,TND,3.8605
2026-02-19,TRY,59.0145
2026-02-19,USD,1.346
2026-02-19,VND,34961.4179
2026-02-19,XOF,750.2199
2026-02-19,ZAR,21.7438
2026-02-20,AED,4.9505
2026-02-20,AUD,1.9037
2026-02-20,BGN,2.2374
2026-02-20,BRL,6.978
2026-02-20,CAD,1.8448
2026-02-20,CHF,1.0454
2026-02-20,CNY,9.3116
2026-02-20,COP,4973.0637
2026-02-20,CZK,27.7094
2026-02-20,DKK,8.5453
2026-02-20,EUR,1.1433
2026-02-20,HKD,10.5339
2026-02-20,HUF,435.4005
2026-02-20,IDR,22728.4944
2026-02-20,ILS,4.1992
2026-02-20,INR,122.2816
2026-02-20,JPY,208.9159
2026-02-20,KRW,1948.1097
2026-02-20,MKD,70.4798
2026-02-20,MXN,23.0914
2026-02-20,MYR,5.2605
2026-02-20,NOK,12.8379
2026-02-20,NZD,2.2546
2026-02-20,PHP,78.1151
2026-02-20,PLN,4.8274
2026-02-20,RON,5.8307
2026-02-20,SEK,12.2113
2026-02-20,SGD,1.7065
2026-02-20,THB,41.9122
2026-02-20,TND,3.8635
2026-02-20,TRY,59.0741
2026-02-20,USD,1.3478
2026-02-20,VND,34998.6944
2026-02-20,XOF,749.9359
2026-02-20,ZAR,21.6182
2026-02-21,AED,4.9505
2026-02-21,AUD,1.9037
2026-02-21,BGN,2.2374
2026-02-21,BRL,6.978
2026-02-21,CAD,1.8448
2026-02-21,CHF,1.0454
2026-02-21,CNY,9.3116
2026-02-21,COP,4973.0637
2026-02-21,CZK,27.7094
2026-02-21,DKK,8.5453
2026-02-21,EUR,1.1433
2026-02-21,HKD,10.5339
2026-02-21,HUF,435.4005
2026-02-21,IDR,22728.4944
2026-02-21,ILS,4.1992
2026-02-21,INR,122.2816
2026-02-21,JPY,208.9159
2026-02-21,KRW,1948.1097
2026-02-21,MKD,70.4798
2026-02-21,MXN,23.0914
2026-02-21,MYR,5.2605
2026-02-21,NOK,12.8379
2026-02-21,NZD,2.2546
2026-02-21,PHP,78.1151
2026-02-21,PLN,4.8274
2026-02-21,RON,5.8307
2026-02-21,SEK,12.2113
2026-02-21,SGD,1.7065
2026-02-21,THB,41.9122
2026-02-21,TND,3.8635
2026-02-21,TRY,59.0741
2026-02-21,USD,1.3478
2026-02-21,VND,34998.6944
2026-02-21,XOF,749.9359
2026-02-21,ZAR,21.6182
2026-02-22,AED,4.9702
2026-02-22,AUD,1.903
2026-02-22,BGN,2.2379
2026-02-22,BRL,7.0072
2026-02-22,CAD,1.8473
2026-02-22,CHF,1.0446
2026-02-22,CNY,9.3498
2026-02-22,COP,4977.0983
2026-02-22,CZK,27.7144
2026-02-22,DKK,8.5439
2026-02-22,EUR,1.1436
2026-02-22,HKD,10.5747
2026-02-22,HUF,434.8724
2026-02-22,IDR,22840.8913
2026-02-22,ILS,4.2164
2026-02-22,INR,122.7879
2026-02-22,JPY,208.8542
2026-02-22,KRW,1956.517
2026-02-22,MKD,70.7386
2026-02-22,MXN,23.1444
2026-02-22,MYR,5.282
2026-02-22,NOK,12.8452
2026-02-22,NZD,2.2546
2026-02-22,PHP,78.4293
2026-02-22,PLN,4.8277
2026-02-22,RON,5.8547
2026-02-22,SEK,12.195
2026-02-22,SGD,1.7107
2026-02-22,THB,41.9896
2026-02-22,TND,3.8958
2026-02-22,TRY,59.3297
2026-02-22,USD,1.3533
2026-02-22,VND,35151.2418
2026-02-22,XOF,750.1789
2026-02-22,ZAR,21.6444
2026-02-23,AED,4.9564
2026-02-23,AUD,1.9115
2026-02-23,BGN,2.2382
2026-02-23,BRL,6.9807
2026-02-23,CAD,1.8482
2026-02-23,CHF,1.045
2026-02-23,CNY,9.3241
2026-02-23,COP,4979.7082
2026-02-23,CZK,27.7213
2026-02-23,DKK,8.5493
2026-02-23,EUR,1.1444
2026-02-23,HKD,10.5525
2026-02-23,HUF,434.1478
2026-02-23,IDR,22720.5475
2026-02-23,ILS,4.2128
2026-02-23,INR,122.8412
2026-02-23,JPY,208.7475
2026-02-23,KRW,1947.7566
2026-02-23,MKD,70.5423
2026-02-23,MXN,23.2971
2026-02-23,MYR,5.2513
2026-02-23,NOK,12.9128
2026-02-23,NZD,2.2646
2026-02-23,PHP,77.8517
2026-02-23,PLN,4.8296
2026-02-23,RON,5.8315
2026-02-23,SEK,12.2348
2026-02-23,SGD,1.709
2026-02-23,THB,41.7971
2026-02-23,TND,3.9086
2026-02-23,TRY,59.182
2026-02-23,USD,1.3496
2026-02-23,VND,35228.4135
2026-02-23,XOF,750.658
2026-02-23,ZAR,21.6223
2026-02-24,AED,4.9563
2026-02-24,AUD,1.9119
2026-02-24,BGN,2.2417
2026-02-24,BRL,6.955
2026-02-24,CAD,1.8493
2026-02-24,CHF,1.0443
2026-02-24,CNY,9.2906
2026-02-24,COP,4973.1984
2026-02-24,CZK,27.7688
2026-02-24,DKK,8.5638
2026-02-24,EUR,1.1462
2026-02-24,HKD,10.5576
2026-02-24,HUF,433.7885
2026-02-24,IDR,22708.6798
2026-02-24,ILS,4.1872
2026-02-24,INR,122.7012
2026-02-24,JPY,210.397
2026-02-24,KRW,1944.7193
2026-02-24,MKD,70.6437
2026-02-24,MXN,23.191
2026-02-24,MYR,5.255
2026-02-24,NOK,12.9094
2026-02-24,NZD,2.2629
2026-02-24,PHP,77.8152
2026-02-24,PLN,4.8326
2026-02-24,RON,5.8389
2026-02-24,SEK,12.2106
2026-02-24,SGD,1.7099
2026-02-24,THB,41.9583
2026-02-24,TND,3.8912
2026-02-24,TRY,59.1922
2026-02-24,USD,1.3496
2026-02-24,VND,35357.0039
2026-02-24,XOF,751.8492
2026-02-24,ZAR,21.5486
2026-02-25,AED,4.9787
2026-02-25,AUD,1.9043
2026-02-25,BGN,2.2442
2026-02-25,BRL,6.9472
2026-02-25,CAD,1.8542
2026-02-25,CHF,1.0471
2026-02-25,CNY,9.3128
2026-02-25,COP,5004.7063
2026-02-25,CZK,27.8122
2026-02-25,DKK,8.5734
2026-02-25,EUR,1.1476
2026-02-25,HKD,10.6018
2026-02-25,HUF,430.4481
2026-02-25,IDR,22730.9666
2026-02-25,ILS,4.1886
2026-02-25,INR,123.3004
2026-02-25,JPY,211.7428
2026-02-25,KRW,1935.8211
2026-02-25,MKD,70.7428
2026-02-25,MXN,23.28
2026-02-25,MYR,5.2749
2026-02-25,NOK,12.9461
2026-02-25,NZD,2.2598
2026-02-25,PHP,78.0015
2026-02-25,PLN,4.8391
2026-02-25,RON,5.8451
2026-02-25,SEK,12.2243
2026-02-25,SGD,1.7124
2026-02-25,THB,42.1208
2026-02-25,TND,3.9238
2026-02-25,TRY,59.4735
2026-02-25,USD,1.3557
2026-02-25,VND,35386.9708
2026-02-25,XOF,752.7429
2026-02-25,ZAR,21.4993
2026-02-26,AED,4.9545
2026-02-26,AUD,1.8997
2026-02-26,BGN,2.2358
2026-02-26,BRL,6.9317
2026-02-26,CAD,1.8452
2026-02-26,CHF,1.0432
2026-02-26,CNY,9.2295
2026-02-26,COP,4973.3827
2026-02-26,CZK,27.7236
2026-02-26,DKK,8.5406
2026-02-26,EUR,1.143
2026-02-26,HKD,10.5541
2026-02-26,HUF,429.6761
2026-02-26,IDR,22605.2244
2026-02-26,ILS,4.2232
2026-02-26,INR,122.7766
2026-02-26,JPY,210.2943
2026-02-26,KRW,1933.8042
2026-02-26,MKD,70.5079
2026-02-26,MXN,23.2123
2026-02-26,MYR,5.2405
2026-02-26,NOK,12.8931
2026-02-26,NZD,2.2562
2026-02-26,PHP,77.7879
2026-02-26,PLN,4.8273
2026-02-26,RON,5.8236
2026-02-26,SEK,12.2141
2026-02-26,SGD,1.7047
2026-02-26,THB,41.9294
2026-02-26,TND,3.8655
2026-02-26,TRY,59.3059
2026-02-26,USD,1.3491
2026-02-26,VND,35178.091
2026-02-26,XOF,749.772
2026-02-26,ZAR,21.4942
2026-02-27,AED,4.9523
2026-02-27,AUD,1.8958
2026-02-27,BGN,2.2315
2026-02-27,BRL,6.9168
2026-02-27,CAD,1.8402
2026-02-27,CHF,1.0374
2026-02-27,CNY,9.2469
2026-02-27,COP,5068.0329
2026-02-27,CZK,27.666
2026-02-27,DKK,8.5271
2026-02-27,EUR,1.1409
2026-02-27,HKD,10.5479
2026-02-27,HUF,430.0137
2026-02-27,IDR,22652.8807
2026-02-27,ILS,4.2276
2026-02-27,INR,122.8042
2026-02-27,JPY,210.4104
2026-02-27,KRW,1941.5636
2026-02-27,MKD,70.321
2026-02-27,MXN,23.2383
2026-02-27,MYR,5.2466
2026-02-27,NOK,12.8212
2026-02-27,NZD,2.2483
2026-02-27,PHP,77.8515
2026-02-27,PLN,4.8194
2026-02-27,RON,5.8179
2026-02-27,SEK,12.1764
2026-02-27,SGD,1.705
2026-02-27,THB,41.9183
2026-02-27,TND,3.8575
2026-02-27,TRY,59.2234
2026-02-27,USD,1.3483
2026-02-27,VND,35111.9651
2026-02-27,XOF,748.3609
2026-02-27,ZAR,21.4656
2026-02-28,AED,4.9523
2026-02-28,AUD,1.8958
2026-02-28,BGN,2.2315
2026-02-28,BRL,6.9168
2026-02-28,CAD,1.8402
2026-02-28,CHF,1.0374
2026-02-28,CNY,9.2469
2026-02-28,COP,5068.0329
2026-02-28,CZK,27.666
2026-02-28,DKK,8.5271
2026-02-28,EUR,1.1409
2026-02-28,HKD,10.5479
2026-02-28,HUF,430.0137
2026-02-28,IDR,22652.8807
2026-02-28,ILS,4.2276
2026-02-28,INR,122.8042
2026-02-28,JPY,210.4104
2026-02-28,KRW,1941.5636
2026-02-28,MKD,70.321
2026-02-28,MXN,23.2383
2026-02-28,MYR,5.2466
2026-02-28,NOK,12.8212
2026-02-28,NZD,2.2483
2026-02-28,PHP,77.8515
2026-02-28,PLN,4.8194
2026-02-28,RON,5.8179
2026-02-28,SEK,12.1764
2026-02-28,SGD,1.705
2026-02-28,THB,41.9183
2026-02-28,TND,3.8575
2026-02-28,TRY,59.2234
2026-02-28,USD,1.3483
2026-02-28,VND,35111.9651
2026-02-28,XOF,748.3609
2026-02-28,ZAR,21.4656
2026-03-01,AED,4.9234
2026-03-01,AUD,1.9
2026-03-01,BGN,2.2295
2026-03-01,BRL,6.8779
2026-03-01,CAD,1.8325
2026-03-01,CHF,1.0317
2026-03-01,CNY,9.1939
2026-03-01,COP,5064.8935
2026-03-01,CZK,27.6333
2026-03-01,DKK,8.5168
2026-03-01,EUR,1.14
2026-03-01,HKD,10.4878
2026-03-01,HUF,431.6558
2026-03-01,IDR,22526.9034
2026-03-01,ILS,4.2037
2026-03-01,INR,122.0811
2026-03-01,JPY,209.9841
2026-03-01,KRW,1930.3028
2026-03-01,MKD,69.9125
2026-03-01,MXN,23.2241
2026-03-01,MYR,5.2165
2026-03-01,NOK,12.7592
2026-03-01,NZD,2.2507
2026-03-01,PHP,77.3852
2026-03-01,PLN,4.8183
2026-03-01,RON,5.7836
2026-03-01,SEK,12.1702
2026-03-01,SGD,1.7021
2026-03-01,THB,41.8405
2026-03-01,TND,3.853
2026-03-01,TRY,58.9477
2026-03-01,USD,1.3406
2026-03-01,VND,34919.9276
2026-03-01,XOF,747.8097
2026-03-01,ZAR,21.5573
2026-03-02,AED,4.9247
2026-03-02,AUD,1.8874
2026-03-02,BGN,2.2424
2026-03-02,BRL,6.9354
2026-03-02,CAD,1.8333
2026-03-02,CHF,1.0443
2026-03-02,CNY,9.2292
2026-03-02,COP,5048.6552
2026-03-02,CZK,27.8251
2026-03-02,DKK,8.5655
2026-03-02,EUR,1.1465
2026-03-02,HKD,10.4879
2026-03-02,HUF,435.6497
2026-03-02,IDR,22621.0073
2026-03-02,ILS,4.1443
2026-03-02,INR,122.7845
2026-03-02,JPY,210.8667
2026-03-02,KRW,1948.8059
2026-03-02,MKD,70.6795
2026-03-02,MXN,23.2076
2026-03-02,MYR,5.2653
2026-03-02,NOK,12.8459
2026-03-02,NZD,2.2545
2026-03-02,PHP,78.0902
2026-03-02,PLN,4.858
2026-03-02,RON,5.8434
2026-03-02,SEK,12.283
2026-03-02,SGD,1.7064
2026-03-02,THB,42.0395
2026-03-02,TND,3.8603
2026-03-02,TRY,58.9626
2026-03-02,USD,1.341
2026-03-02,VND,35085.6439
2026-03-02,XOF,752.0587
2026-03-02,ZAR,21.5744
2026-03-03,AED,4.9041
2026-03-03,AUD,1.8965
2026-03-03,BGN,2.2489
2026-03-03,BRL,7.0483
2026-03-03,CAD,1.8259
2026-03-03,CHF,1.0442
2026-03-03,CNY,9.2132
2026-03-03,COP,5000.9795
2026-03-03,CZK,28.0342
2026-03-03,DKK,8.5919
2026-03-03,EUR,1.15
2026-03-03,HKD,10.4215
2026-03-03,HUF,444.7192
2026-03-03,IDR,22573.3141
2026-03-03,ILS,4.1476
2026-03-03,INR,122.8513
2026-03-03,JPY,210.6859
2026-03-03,KRW,1981.5552
2026-03-03,MKD,70.8496
2026-03-03,MXN,23.5979
2026-03-03,MYR,5.2674
2026-03-03,NOK,12.9018
2026-03-03,NZD,2.2675
2026-03-03,PHP,78.0631
2026-03-03,PLN,4.9348
2026-03-03,RON,5.862
2026-03-03,SEK,12.3647
2026-03-03,SGD,1.7051
2026-03-03,THB,42.1688
2026-03-03,TND,3.8755
2026-03-03,TRY,58.6907
2026-03-03,USD,1.3352
2026-03-03,VND,34980.6531
2026-03-03,XOF,754.327
2026-03-03,ZAR,22.0342
2026-03-04,AED,4.9097
2026-03-04,AUD,1.8895
2026-03-04,BGN,2.2473
2026-03-04,BRL,6.9938
2026-03-04,CAD,1.8242
2026-03-04,CHF,1.0417
2026-03-04,CNY,9.2212
2026-03-04,COP,5084.1828
2026-03-04,CZK,27.9963
2026-03-04,DKK,8.5852
2026-03-04,EUR,1.149
2026-03-04,HKD,10.4509
2026-03-04,HUF,441.8581
2026-03-04,IDR,22555.861
2026-03-04,ILS,4.101
2026-03-04,INR,123.1584
2026-03-04,JPY,209.8765
2026-03-04,KRW,1954.3401
2026-03-04,MKD,70.8323
2026-03-04,MXN,23.5268
2026-03-04,MYR,5.2687
2026-03-04,NOK,12.8754
2026-03-04,NZD,2.2519
2026-03-04,PHP,78.0474
2026-03-04,PLN,4.903
2026-03-04,RON,5.8529
2026-03-04,SEK,12.2658
2026-03-04,SGD,1.7043
2026-03-04,THB,42.2295
2026-03-04,TND,3.8821
2026-03-04,TRY,58.795
2026-03-04,USD,1.3369
2026-03-04,VND,34987.8534
2026-03-04,XOF,753.7272
2026-03-04,ZAR,21.8652
2026-03-05,AED,4.9055
2026-03-05,AUD,1.9052
2026-03-05,BGN,2.2505
2026-03-05,BRL,7.033
2026-03-05,CAD,1.826
2026-03-05,CHF,1.0429
2026-03-05,CNY,9.2052
2026-03-05,COP,5006.8415
2026-03-05,CZK,28.06
2026-03-05,DKK,8.5971
2026-03-05,EUR,1.1507
2026-03-05,HKD,10.4446
2026-03-05,HUF,446.1295
2026-03-05,IDR,22601.1027
2026-03-05,ILS,4.1144
2026-03-05,INR,122.6024
2026-03-05,JPY,210.4426
2026-03-05,KRW,1977.6801
2026-03-05,MKD,70.9169
2026-03-05,MXN,23.65
2026-03-05,MYR,5.2761
2026-03-05,NOK,12.9254
2026-03-05,NZD,2.2653
2026-03-05,PHP,78.4193
2026-03-05,PLN,4.9212
2026-03-05,RON,5.8572
2026-03-05,SEK,12.3243
2026-03-05,SGD,1.7099
2026-03-05,THB,42.451
2026-03-05,TND,3.9139
2026-03-05,TRY,58.8125
2026-03-05,USD,1.3357
2026-03-05,VND,35012.4553
2026-03-05,XOF,754.8133
2026-03-05,ZAR,22.2489
2026-03-06,AED,4.9266
2026-03-06,AUD,1.9061
2026-03-06,BGN,2.2582
2026-03-06,BRL,7.0351
2026-03-06,CAD,1.821
2026-03-06,CHF,1.0416
2026-03-06,CNY,9.2507
2026-03-06,COP,5036.4248
2026-03-06,CZK,28.1563
2026-03-06,DKK,8.6262
2026-03-06,EUR,1.1541
2026-03-06,HKD,10.4916
2026-03-06,HUF,453.1054
2026-03-06,IDR,22722.3558
2026-03-06,ILS,4.1484
2026-03-06,INR,123.3197
2026-03-06,JPY,211.6604
2026-03-06,KRW,1992.2181
2026-03-06,MKD,71.118
2026-03-06,MXN,23.8722
2026-03-06,MYR,5.2931
2026-03-06,NOK,12.8538
2026-03-06,NZD,2.2738
2026-03-06,PHP,79.1971
2026-03-06,PLN,4.9314
2026-03-06,RON,5.8783
2026-03-06,SEK,12.3165
2026-03-06,SGD,1.7153
2026-03-06,THB,42.6085
2026-03-06,TND,3.9039
2026-03-06,TRY,59.1044
2026-03-06,USD,1.3413
2026-03-06,VND,35167.8201
2026-03-06,XOF,757.01
2026-03-06,ZAR,22.192
2026-03-07,AED,4.9266
2026-03-07,AUD,1.9061
2026-03-07,BGN,2.2582
2026-03-07,BRL,7.0351
2026-03-07,CAD,1.821
2026-03-07,CHF,1.0416
2026-03-07,CNY,9.2507
2026-03-07,COP,5036.4248
2026-03-07,CZK,28.1563
2026-03-07,DKK,8.6262
2026-03-07,EUR,1.1541
2026-03-07,HKD,10.4916
2026-03-07,HUF,453.1054
2026-03-07,IDR,22722.3558
2026-03-07,ILS,4.1484
2026-03-07,INR,123.3197
2026-03-07,JPY,211.6604
2026-03-07,KRW,1992.2181
2026-03-07,MKD,71.118
2026-03-07,MXN,23.8722
2026-03-07,MYR,5.2931
2026-03-07,NOK,12.8538
2026-03-07,NZD,2.2738
2026-03-07,PHP,79.1971
2026-03-07,PLN,4.9314
2026-03-07,RON,5.8783
2026-03-07,SEK,12.3165
2026-03-07,SGD,1.7153
2026-03-07,THB,42.6085
2026-03-07,TND,3.9039
2026-03-07,TRY,59.1044
2026-03-07,USD,1.3413
2026-03-07,VND,35167.8201
2026-03-07,XOF,757.01
2026-03-07,ZAR,22.192
2026-03-08,AED,4.8857
2026-03-08,AUD,1.9095
2026-03-08,BGN,2.2578
2026-03-08,BRL,6.9776
2026-03-08,CAD,1.8094
2026-03-08,CHF,1.0393
2026-03-08,CNY,9.1749
2026-03-08,COP,5038.899
2026-03-08,CZK,28.2093
2026-03-08,DKK,8.6242
2026-03-08,EUR,1.1545
2026-03-08,HKD,10.3987
2026-03-08,HUF,456.0043
2026-03-08,IDR,22517.26
2026-03-08,ILS,4.1149
2026-03-08,INR,122.3055
2026-03-08,JPY,210.7551
2026-03-08,KRW,1973.2997
2026-03-08,MKD,70.5414
2026-03-08,MXN,23.9427
2026-03-08,MYR,5.2496
2026-03-08,NOK,12.8339
2026-03-08,NZD,2.2739
2026-03-08,PHP,78.6339
2026-03-08,PLN,4.9615
2026-03-08,RON,5.8305
2026-03-08,SEK,12.3366
2026-03-08,SGD,1.7086
2026-03-08,THB,42.6306
2026-03-08,TND,3.8782
2026-03-08,TRY,58.6482
2026-03-08,USD,1.3303
2026-03-08,VND,34879.9088
2026-03-08,XOF,757.2748
2026-03-08,ZAR,22.378
2026-03-09,AED,4.9298
2026-03-09,AUD,1.8992
2026-03-09,BGN,2.2599
2026-03-09,BRL,6.9893
2026-03-09,CAD,1.824
2026-03-09,CHF,1.0444
2026-03-09,CNY,9.272
2026-03-09,COP,5036.7459
2026-03-09,CZK,28.1509
2026-03-09,DKK,8.6336
2026-03-09,EUR,1.1556
2026-03-09,HKD,10.4983
2026-03-09,HUF,447.8971
2026-03-09,IDR,22674.7152
2026-03-09,ILS,4.1643
2026-03-09,INR,123.913
2026-03-09,JPY,211.9089
2026-03-09,KRW,1967.8411
2026-03-09,MKD,71.2161
2026-03-09,MXN,23.7455
2026-03-09,MYR,5.3197
2026-03-09,NOK,12.8851
2026-03-09,NZD,2.2652
2026-03-09,PHP,79.5204
2026-03-09,PLN,4.9087
2026-03-09,RON,5.8901
2026-03-09,SEK,12.2757
2026-03-09,SGD,1.7119
2026-03-09,THB,42.6194
2026-03-09,TND,3.9196
2026-03-09,TRY,59.1768
2026-03-09,USD,1.3423
2026-03-09,VND,35269.1314
2026-03-09,XOF,758.0262
2026-03-09,ZAR,21.927
2026-03-10,AED,4.9274
2026-03-10,AUD,1.8847
2026-03-10,BGN,2.2601
2026-03-10,BRL,6.9284
2026-03-10,CAD,1.8225
2026-03-10,CHF,1.0448
2026-03-10,CNY,9.2269
2026-03-10,COP,5060.537
2026-03-10,CZK,28.1813
2026-03-10,DKK,8.6338
2026-03-10,EUR,1.1556
2026-03-10,HKD,10.4973
2026-03-10,HUF,445.7313
2026-03-10,IDR,22618.0071
2026-03-10,ILS,4.1289
2026-03-10,INR,123.4023
2026-03-10,JPY,212.1725
2026-03-10,KRW,1977.5088
2026-03-10,MKD,71.2365
2026-03-10,MXN,23.6112
2026-03-10,MYR,5.2648
2026-03-10,NOK,12.9339
2026-03-10,NZD,2.265
2026-03-10,PHP,79.1456
2026-03-10,PLN,4.9303
2026-03-10,RON,5.8816
2026-03-10,SEK,12.3062
2026-03-10,SGD,1.7085
2026-03-10,THB,42.3843
2026-03-10,TND,3.8998
2026-03-10,TRY,59.1603
2026-03-10,USD,1.3417
2026-03-10,VND,35196.7518
2026-03-10,XOF,758.0099
2026-03-10,ZAR,21.8614
2026-03-11,AED,4.9143
2026-03-11,AUD,1.8771
2026-03-11,BGN,2.2674
2026-03-11,BRL,6.95
2026-03-11,CAD,1.8203
2026-03-11,CHF,1.0462
2026-03-11,CNY,9.1881
2026-03-11,COP,4969.1342
2026-03-11,CZK,28.2666
2026-03-11,DKK,8.6619
2026-03-11,EUR,1.1593
2026-03-11,HKD,10.4715
2026-03-11,HUF,449.0261
2026-03-11,IDR,22603.6848
2026-03-11,ILS,4.1605
2026-03-11,INR,123.4152
2026-03-11,JPY,212.8827
2026-03-11,KRW,1976.2201
2026-03-11,MKD,71.407
2026-03-11,MXN,23.7501
2026-03-11,MYR,5.2401
2026-03-11,NOK,12.9468
2026-03-11,NZD,2.2701
2026-03-11,PHP,79.4118
2026-03-11,PLN,4.9229
2026-03-11,RON,5.9007
2026-03-11,SEK,12.3751
2026-03-11,SGD,1.7077
2026-03-11,THB,42.7788
2026-03-11,TND,3.9141
2026-03-11,TRY,59.0075
2026-03-11,USD,1.3381
2026-03-11,VND,35130.9567
2026-03-11,XOF,760.4483
2026-03-11,ZAR,22.199
2026-03-12,AED,4.9037
2026-03-12,AUD,1.8868
2026-03-12,BGN,2.2667
2026-03-12,BRL,7.0056
2026-03-12,CAD,1.8203
2026-03-12,CHF,1.0486
2026-03-12,CNY,9.1718
2026-03-12,COP,4961.1357
2026-03-12,CZK,28.3107
2026-03-12,DKK,8.6588
2026-03-12,EUR,1.1589
2026-03-12,HKD,10.4513
2026-03-12,HUF,454.6705
2026-03-12,IDR,22585.2514
2026-03-12,ILS,4.183
2026-03-12,INR,123.3631
2026-03-12,JPY,212.5928
2026-03-12,KRW,1971.3287
2026-03-12,MKD,71.4529
2026-03-12,MXN,23.8185
2026-03-12,MYR,5.2428
2026-03-12,NOK,12.9509
2026-03-12,NZD,2.2811
2026-03-12,PHP,79.3961
2026-03-12,PLN,4.9475
2026-03-12,RON,5.9034
2026-03-12,SEK,12.4822
2026-03-12,SGD,1.707
2026-03-12,THB,42.9407
2026-03-12,TND,3.9061
2026-03-12,TRY,59.0048
2026-03-12,USD,1.3352
2026-03-12,VND,35082.5029
2026-03-12,XOF,760.1708
2026-03-12,ZAR,22.3834
2026-03-13,AED,4.8625
2026-03-13,AUD,1.8938
2026-03-13,BGN,2.2679
2026-03-13,BRL,7.057
2026-03-13,CAD,1.8278
2026-03-13,CHF,1.0536
2026-03-13,CNY,9.1297
2026-03-13,COP,4874.4392
2026-03-13,CZK,28.3693
2026-03-13,DKK,8.6644
2026-03-13,EUR,1.1543
2026-03-13,HKD,10.3666
2026-03-13,HUF,455.0565
2026-03-13,IDR,22452.5137
2026-03-13,ILS,4.1628
2026-03-13,INR,122.5903
2026-03-13,JPY,211.4704
2026-03-13,KRW,1989.4803
2026-03-13,MKD,71.1386
2026-03-13,MXN,23.7626
2026-03-13,MYR,5.2138
2026-03-13,NOK,12.902
2026-03-13,NZD,2.2915
2026-03-13,PHP,78.8813
2026-03-13,PLN,4.9615
2026-03-13,RON,5.9076
2026-03-13,SEK,12.5506
2026-03-13,SGD,1.6966
2026-03-13,THB,42.6913
2026-03-13,TND,3.9065
2026-03-13,TRY,58.4944
2026-03-13,USD,1.3238
2026-03-13,VND,34809.3666
2026-03-13,XOF,757.1668
2026-03-13,ZAR,22.3496
2026-03-14,AED,4.8625
2026-03-14,AUD,1.8938
2026-03-14,BGN,2.2679
2026-03-14,BRL,7.057
2026-03-14,CAD,1.8278
2026-03-14,CHF,1.0536
2026-03-14,CNY,9.1297
2026-03-14,COP,4874.4392
2026-03-14,CZK,28.3693
2026-03-14,DKK,8.6644
2026-03-14,EUR,1.1543
2026-03-14,HKD,10.3666
2026-03-14,HUF,455.0565
2026-03-14,IDR,22452.5137
2026-03-14,ILS,4.1628
2026-03-14,INR,122.5903
2026-03-14,JPY,211.4704
2026-03-14,KRW,1989.4803
2026-03-14,MKD,71.1386
2026-03-14,MXN,23.7626
2026-03-14,MYR,5.2138
2026-03-14,NOK,12.902
2026-03-14,NZD,2.2915
2026-03-14,PHP,78.8813
2026-03-14,PLN,4.9615
2026-03-14,RON,5.9076
2026-03-14,SEK,12.5506
2026-03-14,SGD,1.6966
2026-03-14,THB,42.6913
2026-03-14,TND,3.9065
2026-03-14,TRY,58.4944
2026-03-14,USD,1.3238
2026-03-14,VND,34809.3666
2026-03-14,XOF,757.1668
2026-03-14,ZAR,22.3496
2026-03-15,AED,4.8651
2026-03-15,AUD,1.891
2026-03-15,BGN,2.2659
2026-03-15,BRL,7.0609
2026-03-15,CAD,1.8166
2026-03-15,CHF,1.0465
2026-03-15,CNY,9.1359
2026-03-15,COP,4892.3045
2026-03-15,CZK,28.3454
2026-03-15,DKK,8.6561
2026-03-15,EUR,1.1585
2026-03-15,HKD,10.3692
2026-03-15,HUF,454.8883
2026-03-15,IDR,22444.7525
2026-03-15,ILS,4.1653
2026-03-15,INR,122.6152
2026-03-15,JPY,211.3986
2026-03-15,KRW,1989.5009
2026-03-15,MKD,71.1921
2026-03-15,MXN,23.6997
2026-03-15,MYR,5.2173
2026-03-15,NOK,12.9449
2026-03-15,NZD,2.2855
2026-03-15,PHP,79.056
2026-03-15,PLN,4.9504
2026-03-15,RON,5.9116
2026-03-15,SEK,12.5201
2026-03-15,SGD,1.6989
2026-03-15,THB,42.8507
2026-03-15,TND,3.8965
2026-03-15,TRY,58.5518
2026-03-15,USD,1.3247
2026-03-15,VND,34832.7449
2026-03-15,XOF,759.9138
2026-03-15,ZAR,22.3712
2026-03-16,AED,4.8893
2026-03-16,AUD,1.8839
2026-03-16,BGN,2.2644
2026-03-16,BRL,6.9694
2026-03-16,CAD,1.8222
2026-03-16,CHF,1.0493
2026-03-16,CNY,9.1811
2026-03-16,COP,4913.211
2026-03-16,CZK,28.3108
2026-03-16,DKK,8.6515
2026-03-16,EUR,1.1577
2026-03-16,HKD,10.4247
2026-03-16,HUF,452.325
2026-03-16,IDR,22584.1014
2026-03-16,ILS,4.1572
2026-03-16,INR,122.8381
2026-03-16,JPY,211.8456
2026-03-16,KRW,1984.2208
2026-03-16,MKD,71.371
2026-03-16,MXN,23.5625
2026-03-16,MYR,5.2328
2026-03-16,NOK,12.8862
2026-03-16,NZD,2.2748
2026-03-16,PHP,79.5605
2026-03-16,PLN,4.9361
2026-03-16,RON,5.8978
2026-03-16,SEK,12.4391
2026-03-16,SGD,1.7019
2026-03-16,THB,43.0963
2026-03-16,TND,3.9088
2026-03-16,TRY,58.8296
2026-03-16,USD,1.3313
2026-03-16,VND,34998.2329
2026-03-16,XOF,759.425
2026-03-16,ZAR,22.2132
2026-03-17,AED,4.9056
2026-03-17,AUD,1.879
2026-03-17,BGN,2.264
2026-03-17,BRL,6.9385
2026-03-17,CAD,1.8287
2026-03-17,CHF,1.0486
2026-03-17,CNY,9.1992
2026-03-17,COP,4928.4481
2026-03-17,CZK,28.2847
2026-03-17,DKK,8.6504
2026-03-17,EUR,1.1576
2026-03-17,HKD,10.4674
2026-03-17,HUF,450.1501
2026-03-17,IDR,22670.694
2026-03-17,ILS,4.1403
2026-03-17,INR,123.4072
2026-03-17,JPY,212.2625
2026-03-17,KRW,1984.8985
2026-03-17,MKD,71.3613
2026-03-17,MXN,23.585
2026-03-17,MYR,5.2428
2026-03-17,NOK,12.8058
2026-03-17,NZD,2.2803
2026-03-17,PHP,79.8876
2026-03-17,PLN,4.9329
2026-03-17,RON,5.8964
2026-03-17,SEK,12.3897
2026-03-17,SGD,1.7048
2026-03-17,THB,43.1973
2026-03-17,TND,3.9205
2026-03-17,TRY,59.0676
2026-03-17,USD,1.3358
2026-03-17,VND,35123.7783
2026-03-17,XOF,759.3456
2026-03-17,ZAR,22.2994
2026-03-18,AED,4.8715
2026-03-18,AUD,1.887
2026-03-18,BGN,2.2631
2026-03-18,BRL,6.9819
2026-03-18,CAD,1.8212
2026-03-18,CHF,1.0515
2026-03-18,CNY,9.1169
2026-03-18,COP,4933.8639
2026-03-18,CZK,28.3248
2026-03-18,DKK,8.6465
2026-03-18,EUR,1.1571
2026-03-18,HKD,10.3944
2026-03-18,HUF,455.2244
2026-03-18,IDR,22608.9876
2026-03-18,ILS,4.1125
2026-03-18,INR,123.5961
2026-03-18,JPY,211.9743
2026-03-18,KRW,1998.6579
2026-03-18,MKD,71.3221
2026-03-18,MXN,23.6878
2026-03-18,MYR,5.2084
2026-03-18,NOK,12.7412
2026-03-18,NZD,2.2891
2026-03-18,PHP,79.2817
2026-03-18,PLN,4.9481
2026-03-18,RON,5.8923
2026-03-18,SEK,12.4741
2026-03-18,SGD,1.7025
2026-03-18,THB,43.5347
2026-03-18,TND,3.8778
2026-03-18,TRY,58.7891
2026-03-18,USD,1.3265
2026-03-18,VND,34907.0868
2026-03-18,XOF,758.9973
2026-03-18,ZAR,22.5222
2026-03-19,AED,4.9303
2026-03-19,AUD,1.8963
2026-03-19,BGN,2.2679
2026-03-19,BRL,7.0101
2026-03-19,CAD,1.8445
2026-03-19,CHF,1.0591
2026-03-19,CNY,9.2638
2026-03-19,COP,4917.1691
2026-03-19,CZK,28.3893
2026-03-19,DKK,8.6633
2026-03-19,EUR,1.1596
2026-03-19,HKD,10.5166
2026-03-19,HUF,453.2025
2026-03-19,IDR,22677.1199
2026-03-19,ILS,4.1986
2026-03-19,INR,124.9663
2026-03-19,JPY,212.016
2026-03-19,KRW,2001.4394
2026-03-19,MKD,71.4728
2026-03-19,MXN,23.8196
2026-03-19,MYR,5.2881
2026-03-19,NOK,12.7554
2026-03-19,NZD,2.2881
2026-03-19,PHP,80.0457
2026-03-19,PLN,4.9495
2026-03-19,RON,5.9065
2026-03-19,SEK,12.4777
2026-03-19,SGD,1.7156
2026-03-19,THB,43.6442
2026-03-19,TND,3.92
2026-03-19,TRY,59.4837
2026-03-19,USD,1.3425
2026-03-19,VND,35309.9816
2026-03-19,XOF,760.6236
2026-03-19,ZAR,22.4691
2026-03-20,AED,4.8992
2026-03-20,AUD,1.8941
2026-03-20,BGN,2.2544
2026-03-20,BRL,7.087
2026-03-20,CAD,1.8314
2026-03-20,CHF,1.0518
2026-03-20,CNY,9.1851
2026-03-20,COP,4894.317
2026-03-20,CZK,28.2088
2026-03-20,DKK,8.613
2026-03-20,EUR,1.1527
2026-03-20,HKD,10.4508
2026-03-20,HUF,453.0645
2026-03-20,IDR,22633.6207
2026-03-20,ILS,4.1467
2026-03-20,INR,125.4418
2026-03-20,JPY,212.3877
2026-03-20,KRW,2007.7965
2026-03-20,MKD,70.9216
2026-03-20,MXN,23.8701
2026-03-20,MYR,5.2545
2026-03-20,NOK,12.7559
2026-03-20,NZD,2.2843
2026-03-20,PHP,80.02
2026-03-20,PLN,4.9283
2026-03-20,RON,5.8707
2026-03-20,SEK,12.463
2026-03-20,SGD,1.7103
2026-03-20,THB,43.4873
2026-03-20,TND,3.88
2026-03-20,TRY,59.0618
2026-03-20,USD,1.3338
2026-03-20,VND,35099.9808
2026-03-20,XOF,756.1006
2026-03-20,ZAR,22.7465
2026-03-21,AED,4.8992
2026-03-21,AUD,1.8941
2026-03-21,BGN,2.2544
2026-03-21,BRL,7.087
2026-03-21,CAD,1.8314
2026-03-21,CHF,1.0518
2026-03-21,CNY,9.1851
2026-03-21,COP,4894.317
2026-03-21,CZK,28.2088
2026-03-21,DKK,8.613
2026-03-21,EUR,1.1527
2026-03-21,HKD,10.4508
2026-03-21,HUF,453.0645
2026-03-21,IDR,22633.6207
2026-03-21,ILS,4.1467
2026-03-21,INR,125.4418
2026-03-21,JPY,212.3877
2026-03-21,KRW,2007.7965
2026-03-21,MKD,70.9216
2026-03-21,MXN,23.8701
2026-03-21,MYR,5.2545
2026-03-21,NOK,12.7559
2026-03-21,NZD,2.2843
2026-03-21,PHP,80.02
2026-03-21,PLN,4.9283
2026-03-21,RON,5.8707
2026-03-21,SEK,12.463
2026-03-21,SGD,1.7103
2026-03-21,THB,43.4873
2026-03-21,TND,3.88
2026-03-21,TRY,59.0618
2026-03-21,USD,1.3338
2026-03-21,VND,35099.9808
2026-03-21,XOF,756.1006
2026-03-21,ZAR,22.7465
2026-03-22,AED,4.8961
2026-03-22,AUD,1.9023
2026-03-22,BGN,2.2554
2026-03-22,BRL,7.0732
2026-03-22,CAD,1.8277
2026-03-22,CHF,1.0504
2026-03-22,CNY,9.1806
2026-03-22,COP,4905.2421
2026-03-22,CZK,28.2363
2026-03-22,DKK,8.6162
2026-03-22,EUR,1.1532
2026-03-22,HKD,10.4437
2026-03-22,HUF,453.1184
2026-03-22,IDR,22614.8718
2026-03-22,ILS,4.1449
2026-03-22,INR,125.0588
2026-03-22,JPY,212.2639
2026-03-22,KRW,2006.6027
2026-03-22,MKD,70.8926
2026-03-22,MXN,23.9218
2026-03-22,MYR,5.2517
2026-03-22,NOK,12.7715
2026-03-22,NZD,2.2866
2026-03-22,PHP,80.0884
2026-03-22,PLN,4.9275
2026-03-22,RON,5.8678
2026-03-22,SEK,12.468
2026-03-22,SGD,1.7092
2026-03-22,THB,43.5854
2026-03-22,TND,3.8991
2026-03-22,TRY,59.0808
2026-03-22,USD,1.3331
2026-03-22,VND,35082.8076
2026-03-22,XOF,756.4811
2026-03-22,ZAR,22.7885
2026-03-23,AED,4.9302
2026-03-23,AUD,1.916
2026-03-23,BGN,2.262
2026-03-23,BRL,7.027
2026-03-23,CAD,1.8433
2026-03-23,CHF,1.0561
2026-03-23,CNY,9.2369
2026-03-23,COP,4969.9063
2026-03-23,CZK,28.2764
2026-03-23,DKK,8.6416
2026-03-23,EUR,1.1566
2026-03-23,HKD,10.5179
2026-03-23,HUF,448.7559
2026-03-23,IDR,22646.2734
2026-03-23,ILS,4.1823
2026-03-23,INR,125.2524
2026-03-23,JPY,212.7759
2026-03-23,KRW,1995.5274
2026-03-23,MKD,71.287
2026-03-23,MXN,23.8805
2026-03-23,MYR,5.2692
2026-03-23,NOK,13.0769
2026-03-23,NZD,2.2934
2026-03-23,PHP,79.9388
2026-03-23,PLN,4.9265
2026-03-23,RON,5.8933
2026-03-23,SEK,12.5337
2026-03-23,SGD,1.7121
2026-03-23,THB,43.5363
2026-03-23,TND,3.91
2026-03-23,TRY,59.53
2026-03-23,USD,1.3425
2026-03-23,VND,35365.4133
2026-03-23,XOF,758.664
2026-03-23,ZAR,22.6074
2026-03-24,AED,4.9272
2026-03-24,AUD,1.9179
2026-03-24,BGN,2.2594
2026-03-24,BRL,7.0223
2026-03-24,CAD,1.8459
2026-03-24,CHF,1.0573
2026-03-24,CNY,9.2476
2026-03-24,COP,4974.7917
2026-03-24,CZK,28.2413
2026-03-24,DKK,8.6312
2026-03-24,EUR,1.1551
2026-03-24,HKD,10.5024
2026-03-24,HUF,451.6281
2026-03-24,IDR,22659.2057
2026-03-24,ILS,4.1933
2026-03-24,INR,126.4974
2026-03-24,JPY,212.9335
2026-03-24,KRW,2010.3564
2026-03-24,MKD,71.1889
2026-03-24,MXN,23.7939
2026-03-24,MYR,5.3082
2026-03-24,NOK,13.0062
2026-03-24,NZD,2.2986
2026-03-24,PHP,80.5353
2026-03-24,PLN,4.9345
2026-03-24,RON,5.8854
2026-03-24,SEK,12.4879
2026-03-24,SGD,1.7139
2026-03-24,THB,43.5768
2026-03-24,TND,3.9277
2026-03-24,TRY,59.4946
2026-03-24,USD,1.3417
2026-03-24,VND,35362.4557
2026-03-24,XOF,757.7084
2026-03-24,ZAR,22.6968
2026-03-25,AED,4.9074
2026-03-25,AUD,1.9249
2026-03-25,BGN,2.2606
2026-03-25,BRL,6.9993
2026-03-25,CAD,1.8461
2026-03-25,CHF,1.0578
2026-03-25,CNY,9.2221
2026-03-25,COP,4935.8982
2026-03-25,CZK,28.2731
2026-03-25,DKK,8.637
2026-03-25,EUR,1.1558
2026-03-25,HKD,10.4482
2026-03-25,HUF,447.7302
2026-03-25,IDR,22598.45
2026-03-25,ILS,4.1634
2026-03-25,INR,125.7777
2026-03-25,JPY,212.9901
2026-03-25,KRW,2007.1293
2026-03-25,MKD,71.2299
2026-03-25,MXN,23.7594
2026-03-25,MYR,5.2975
2026-03-25,NOK,12.9461
2026-03-25,NZD,2.3019
2026-03-25,PHP,80.1828
2026-03-25,PLN,4.9418
2026-03-25,RON,5.8887
2026-03-25,SEK,12.4993
2026-03-25,SGD,1.7118
2026-03-25,THB,43.8022
2026-03-25,TND,3.9248
2026-03-25,TRY,59.2754
2026-03-25,USD,1.3362
2026-03-25,VND,35210.7075
2026-03-25,XOF,758.1583
2026-03-25,ZAR,22.704
2026-03-26,AED,4.8972
2026-03-26,AUD,1.9365
2026-03-26,BGN,2.2609
2026-03-26,BRL,6.9827
2026-03-26,CAD,1.8474
2026-03-26,CHF,1.0598
2026-03-26,CNY,9.2164
2026-03-26,COP,4903.0572
2026-03-26,CZK,28.3324
2026-03-26,DKK,8.6388
2026-03-26,EUR,1.1561
2026-03-26,HKD,10.436
2026-03-26,HUF,448.5286
2026-03-26,IDR,22578.4704
2026-03-26,ILS,4.1657
2026-03-26,INR,125.7606
2026-03-26,JPY,212.9922
2026-03-26,KRW,2012.7156
2026-03-26,MKD,71.245
2026-03-26,MXN,23.8938
2026-03-26,MYR,5.3259
2026-03-26,NOK,12.9317
2026-03-26,NZD,2.3151
2026-03-26,PHP,80.2971
2026-03-26,PLN,4.944
2026-03-26,RON,5.8911
2026-03-26,SEK,12.5711
2026-03-26,SGD,1.7147
2026-03-26,THB,43.9666
2026-03-26,TND,3.9194
2026-03-26,TRY,59.2902
2026-03-26,USD,1.3335
2026-03-26,VND,35147.1919
2026-03-26,XOF,758.3424
2026-03-26,ZAR,22.7895
2026-03-27,AED,4.8728
2026-03-27,AUD,1.9268
2026-03-27,BGN,2.2539
2026-03-27,BRL,6.9713
2026-03-27,CAD,1.844
2026-03-27,CHF,1.0593
2026-03-27,CNY,9.1693
2026-03-27,COP,4859.3389
2026-03-27,CZK,28.2689
2026-03-27,DKK,8.6132
2026-03-27,EUR,1.1491
2026-03-27,HKD,10.382
2026-03-27,HUF,448.4179
2026-03-27,IDR,22538.218
2026-03-27,ILS,4.1626
2026-03-27,INR,125.8469
2026-03-27,JPY,212.6526
2026-03-27,KRW,2000.512
2026-03-27,MKD,70.8198
2026-03-27,MXN,24.0394
2026-03-27,MYR,5.3243
2026-03-27,NOK,12.9272
2026-03-27,NZD,2.3091
2026-03-27,PHP,80.1286
2026-03-27,PLN,4.9386
2026-03-27,RON,5.8677
2026-03-27,SEK,12.5678
2026-03-27,SGD,1.7151
2026-03-27,THB,43.5202
2026-03-27,TND,3.8823
2026-03-27,TRY,58.9453
2026-03-27,USD,1.3266
2026-03-27,VND,34938.0961
2026-03-27,XOF,753.7711
2026-03-27,ZAR,22.7114
2026-03-28,AED,4.8728
2026-03-28,AUD,1.9268
2026-03-28,BGN,2.2539
2026-03-28,BRL,6.9713
2026-03-28,CAD,1.844
2026-03-28,CHF,1.0593
2026-03-28,CNY,9.1693
2026-03-28,COP,4859.3389
2026-03-28,CZK,28.2689
2026-03-28,DKK,8.6132
2026-03-28,EUR,1.1491
2026-03-28,HKD,10.382
2026-03-28,HUF,448.4179
2026-03-28,IDR,22538.218
2026-03-28,ILS,4.1626
2026-03-28,INR,125.8469
2026-03-28,JPY,212.6526
2026-03-28,KRW,2000.512
2026-03-28,MKD,70.8198
2026-03-28,MXN,24.0394
2026-03-28,MYR,5.3243
2026-03-28,NOK,12.9272
2026-03-28,NZD,2.3091
2026-03-28,PHP,80.1286
2026-03-28,PLN,4.9386
2026-03-28,RON,5.8677
2026-03-28,SEK,12.5678
2026-03-28,SGD,1.7151
2026-03-28,THB,43.5202
2026-03-28,TND,3.8823
2026-03-28,TRY,58.9453
2026-03-28,USD,1.3266
2026-03-28,VND,34938.0961
2026-03-28,XOF,753.7711
2026-03-28,ZAR,22.7114
2026-03-29,AED,4.8613
2026-03-29,AUD,1.9325
2026-03-29,BGN,2.2531
2026-03-29,BRL,6.9352
2026-03-29,CAD,1.8399
2026-03-29,CHF,1.0588
2026-03-29,CNY,9.1488
2026-03-29,COP,4872.2568
2026-03-29,CZK,28.24
2026-03-29,DKK,8.6076
2026-03-29,EUR,1.152
2026-03-29,HKD,10.3677
2026-03-29,HUF,448.4275
2026-03-29,IDR,22457.5163
2026-03-29,ILS,4.1531
2026-03-29,INR,125.4579
2026-03-29,JPY,212.1442
2026-03-29,KRW,1996.0882
2026-03-29,MKD,70.6678
2026-03-29,MXN,24.023
2026-03-29,MYR,5.3211
2026-03-29,NOK,12.9052
2026-03-29,NZD,2.3115
2026-03-29,PHP,80.1216
2026-03-29,PLN,4.9355
2026-03-29,RON,5.8728
2026-03-29,SEK,12.5493
2026-03-29,SGD,1.7074
2026-03-29,THB,43.6406
2026-03-29,TND,3.8797
2026-03-29,TRY,58.8363
2026-03-29,USD,1.3236
2026-03-29,VND,34869.4945
2026-03-29,XOF,755.6567
2026-03-29,ZAR,22.7495
2026-03-30,AED,4.8368
2026-03-30,AUD,1.9247
2026-03-30,BGN,2.2486
2026-03-30,BRL,6.9352
2026-03-30,CAD,1.8346
2026-03-30,CHF,1.0537
2026-03-30,CNY,9.104
2026-03-30,COP,4842.3982
2026-03-30,CZK,28.226
2026-03-30,DKK,8.5893
2026-03-30,EUR,1.1497
2026-03-30,HKD,10.32
2026-03-30,HUF,446.5799
2026-03-30,IDR,22383.3355
2026-03-30,ILS,4.1689
2026-03-30,INR,124.2654
2026-03-30,JPY,210.5424
2026-03-30,KRW,1998.1119
2026-03-30,MKD,70.8678
2026-03-30,MXN,23.8993
2026-03-30,MYR,5.3109
2026-03-30,NOK,12.8307
2026-03-30,NZD,2.3045
2026-03-30,PHP,79.9717
2026-03-30,PLN,4.9319
2026-03-30,RON,5.8619
2026-03-30,SEK,12.5955
2026-03-30,SGD,1.702
2026-03-30,THB,43.291
2026-03-30,TND,3.8786
2026-03-30,TRY,58.5802
2026-03-30,USD,1.317
2026-03-30,VND,34695.3493
2026-03-30,XOF,754.1733
2026-03-30,ZAR,22.6643
2026-03-31,AED,4.8638
2026-03-31,AUD,1.914
2026-03-31,BGN,2.2386
2026-03-31,BRL,6.8797
2026-03-31,CAD,1.8414
2026-03-31,CHF,1.0564
2026-03-31,CNY,9.1313
2026-03-31,COP,4816.4865
2026-03-31,CZK,28.0944
2026-03-31,DKK,8.5506
2026-03-31,EUR,1.1443
2026-03-31,HKD,10.381
2026-03-31,HUF,439.6765
2026-03-31,IDR,22447.2761
2026-03-31,ILS,4.1805
2026-03-31,INR,123.8101
2026-03-31,JPY,210.0162
2026-03-31,KRW,1992.3118
2026-03-31,MKD,70.5673
2026-03-31,MXN,23.6918
2026-03-31,MYR,5.3625
2026-03-31,NOK,12.8222
2026-03-31,NZD,2.3013
2026-03-31,PHP,80.2368
2026-03-31,PLN,4.9079
2026-03-31,RON,5.8339
2026-03-31,SEK,12.5213
2026-03-31,SGD,1.7012
2026-03-31,THB,43.0824
2026-03-31,TND,3.8871
2026-03-31,TRY,58.8823
2026-03-31,USD,1.3244
2026-03-31,VND,34889.0751
2026-03-31,XOF,750.5918
2026-03-31,ZAR,22.3476
2026-04-01,AED,4.8855
2026-04-01,AUD,1.9215
2026-04-01,BGN,2.2448
2026-04-01,BRL,6.8573
2026-04-01,CAD,1.8461
2026-04-01,CHF,1.0563
2026-04-01,CNY,9.1417
2026-04-01,COP,4892.37
2026-04-01,CZK,28.143
2026-04-01,DKK,8.5768
2026-04-01,EUR,1.1477
2026-04-01,HKD,10.4262
2026-04-01,HUF,439.8463
2026-04-01,IDR,22531.916
2026-04-01,ILS,4.1724
2026-04-01,INR,123.2413
2026-04-01,JPY,211.1167
2026-04-01,KRW,2012.8375
2026-04-01,MKD,70.7501
2026-04-01,MXN,23.7162
2026-04-01,MYR,5.3571
2026-04-01,NOK,12.9266
2026-04-01,NZD,2.3139
2026-04-01,PHP,80.0565
2026-04-01,PLN,4.9183
2026-04-01,RON,5.8507
2026-04-01,SEK,12.5248
2026-04-01,SGD,1.7069
2026-04-01,THB,43.3806
2026-04-01,TND,3.8768
2026-04-01,TRY,59.1862
2026-04-01,USD,1.3303
2026-04-01,VND,35035.1414
2026-04-01,XOF,752.8704
2026-04-01,ZAR,22.391
2026-04-02,AED,4.8594
2026-04-02,AUD,1.9144
2026-04-02,BGN,2.242
2026-04-02,BRL,6.8255
2026-04-02,CAD,1.8417
2026-04-02,CHF,1.0568
2026-04-02,CNY,9.1096
2026-04-02,COP,4817.5654
2026-04-02,CZK,28.1112
2026-04-02,DKK,8.5655
2026-04-02,EUR,1.1463
2026-04-02,HKD,10.3682
2026-04-02,HUF,440.1475
2026-04-02,IDR,22454.1721
2026-04-02,ILS,4.1349
2026-04-02,INR,123.0044
2026-04-02,JPY,211.0122
2026-04-02,KRW,1998.0364
2026-04-02,MKD,70.6756
2026-04-02,MXN,23.6207
2026-04-02,MYR,5.3429
2026-04-02,NOK,12.8753
2026-04-02,NZD,2.3144
2026-04-02,PHP,79.802
2026-04-02,PLN,4.9028
2026-04-02,RON,5.8425
2026-04-02,SEK,12.4744
2026-04-02,SGD,1.7005
2026-04-02,THB,43.1684
2026-04-02,TND,3.8734
2026-04-02,TRY,58.9521
2026-04-02,USD,1.323
2026-04-02,VND,34834.1185
2026-04-02,XOF,751.9138
2026-04-02,ZAR,22.4204
2026-04-03,AED,4.8493
2026-04-03,AUD,1.915
2026-04-03,BGN,2.241
2026-04-03,BRL,6.8042
2026-04-03,CAD,1.8413
2026-04-03,CHF,1.0563
2026-04-03,CNY,9.0865
2026-04-03,COP,4815.6118
2026-04-03,CZK,28.1049
2026-04-03,DKK,8.5652
2026-04-03,EUR,1.1459
2026-04-03,HKD,10.3474
2026-04-03,HUF,440.8543
2026-04-03,IDR,22437.1173
2026-04-03,ILS,4.1327
2026-04-03,INR,122.4666
2026-04-03,JPY,210.7831
2026-04-03,KRW,1995.1639
2026-04-03,MKD,70.523
2026-04-03,MXN,23.6206
2026-04-03,MYR,5.3217
2026-04-03,NOK,12.9018
2026-04-03,NZD,2.3194
2026-04-03,PHP,79.7506
2026-04-03,PLN,4.9013
2026-04-03,RON,5.8445
2026-04-03,SEK,12.5202
2026-04-03,SGD,1.6987
2026-04-03,THB,43.1519
2026-04-03,TND,3.8833
2026-04-03,TRY,58.8624
2026-04-03,USD,1.3202
2026-04-03,VND,34778.7139
2026-04-03,XOF,751.634
2026-04-03,ZAR,22.4076
2026-04-04,AED,4.8493
2026-04-04,AUD,1.915
2026-04-04,BGN,2.241
2026-04-04,BRL,6.8042
2026-04-04,CAD,1.8413
2026-04-04,CHF,1.0563
2026-04-04,CNY,9.0865
2026-04-04,COP,4815.6118
2026-04-04,CZK,28.1049
2026-04-04,DKK,8.5652
2026-04-04,EUR,1.1459
2026-04-04,HKD,10.3474
2026-04-04,HUF,440.8543
2026-04-04,IDR,22437.1173
2026-04-04,ILS,4.1327
2026-04-04,INR,122.4666
2026-04-04,JPY,210.7831
2026-04-04,KRW,1995.1639
2026-04-04,MKD,70.523
2026-04-04,MXN,23.6206
2026-04-04,MYR,5.3217
2026-04-04,NOK,12.9018
2026-04-04,NZD,2.3194
2026-04-04,PHP,79.7506
2026-04-04,PLN,4.9013
2026-04-04,RON,5.8445
2026-04-04,SEK,12.5202
2026-04-04,SGD,1.6987
2026-04-04,THB,43.1519
2026-04-04,TND,3.8833
2026-04-04,TRY,58.8624
2026-04-04,USD,1.3202
2026-04-04,VND,34778.7139
2026-04-04,XOF,751.634
2026-04-04,ZAR,22.4076
2026-04-05,AED,4.8428
2026-04-05,AUD,1.9152
2026-04-05,BGN,2.2405
2026-04-05,BRL,6.8035
2026-04-05,CAD,1.8391
2026-04-05,CHF,1.0565
2026-04-05,CNY,9.0759
2026-04-05,COP,4814.8842
2026-04-05,CZK,28.0937
2026-04-05,DKK,8.5608
2026-04-05,EUR,1.1457
2026-04-05,HKD,10.3344
2026-04-05,HUF,440.6156
2026-04-05,IDR,22410.8148
2026-04-05,ILS,4.1279
2026-04-05,INR,122.6064
2026-04-05,JPY,210.718
2026-04-05,KRW,1991.5008
2026-04-05,MKD,70.6025
2026-04-05,MXN,23.5858
2026-04-05,MYR,5.3155
2026-04-05,NOK,12.8965
2026-04-05,NZD,2.3192
2026-04-05,PHP,79.4158
2026-04-05,PLN,4.9003
2026-04-05,RON,5.8391
2026-04-05,SEK,12.507
2026-04-05,SGD,1.6979
2026-04-05,THB,43.1509
2026-04-05,TND,3.8788
2026-04-05,TRY,58.7977
2026-04-05,USD,1.3187
2026-04-05,VND,34737.9436
2026-04-05,XOF,751.5016
2026-04-05,ZAR,22.3922
2026-04-06,AED,4.8611
2026-04-06,AUD,1.9135
2026-04-06,BGN,2.2428
2026-04-06,BRL,6.8022
2026-04-06,CAD,1.8412
2026-04-06,CHF,1.0563
2026-04-06,CNY,9.1089
2026-04-06,COP,4819.2487
2026-04-06,CZK,28.1117
2026-04-06,DKK,8.5691
2026-04-06,EUR,1.1467
2026-04-06,HKD,10.3721
2026-04-06,HUF,438.9723
2026-04-06,IDR,22534.6853
2026-04-06,ILS,4.1647
2026-04-06,INR,123.0338
2026-04-06,JPY,211.3522
2026-04-06,KRW,1996.8949
2026-04-06,MKD,70.6034
2026-04-06,MXN,23.5185
2026-04-06,MYR,5.3302
2026-04-06,NOK,12.8492
2026-04-06,NZD,2.3164
2026-04-06,PHP,79.5541
2026-04-06,PLN,4.8946
2026-04-06,RON,5.8456
2026-04-06,SEK,12.5108
2026-04-06,SGD,1.7005
2026-04-06,THB,43.18
2026-04-06,TND,3.8632
2026-04-06,TRY,59.0399
2026-04-06,USD,1.3235
2026-04-06,VND,34855.4667
2026-04-06,XOF,752.2021
2026-04-06,ZAR,22.3289
2026-04-07,AED,4.9216
2026-04-07,AUD,1.894
2026-04-07,BGN,2.2431
2026-04-07,BRL,6.905
2026-04-07,CAD,1.8553
2026-04-07,CHF,1.0596
2026-04-07,CNY,9.1898
2026-04-07,COP,4882.7963
2026-04-07,CZK,28.0706
2026-04-07,DKK,8.5697
2026-04-07,EUR,1.1468
2026-04-07,HKD,10.4987
2026-04-07,HUF,432.7237
2026-04-07,IDR,22845.7598
2026-04-07,ILS,4.2127
2026-04-07,INR,124.4453
2026-04-07,JPY,212.7393
2026-04-07,KRW,2010.3994
2026-04-07,MKD,71.1086
2026-04-07,MXN,23.4772
2026-04-07,MYR,5.4021
2026-04-07,NOK,12.8534
2026-04-07,NZD,2.307
2026-04-07,PHP,80.3409
2026-04-07,PLN,4.8886
2026-04-07,RON,5.8424
2026-04-07,SEK,12.5185
2026-04-07,SGD,1.7099
2026-04-07,THB,42.978
2026-04-07,TND,3.9448
2026-04-07,TRY,59.7492
2026-04-07,USD,1.3401
2026-04-07,VND,35294.5028
2026-04-07,XOF,752.2705
2026-04-07,ZAR,22.0584
2026-04-08,AED,4.9185
2026-04-08,AUD,1.9025
2026-04-08,BGN,2.2466
2026-04-08,BRL,6.8304
2026-04-08,CAD,1.8551
2026-04-08,CHF,1.06
2026-04-08,CNY,9.1475
2026-04-08,COP,4938.9331
2026-04-08,CZK,28.0169
2026-04-08,DKK,8.5839
2026-04-08,EUR,1.1487
2026-04-08,HKD,10.4901
2026-04-08,HUF,432.7006
2026-04-08,IDR,22788.6762
2026-04-08,ILS,4.1362
2026-04-08,INR,123.5942
2026-04-08,JPY,212.4883
2026-04-08,KRW,1980.2616
2026-04-08,MKD,70.81
2026-04-08,MXN,23.3706
2026-04-08,MYR,5.329
2026-04-08,NOK,12.8236
2026-04-08,NZD,2.2994
2026-04-08,PHP,79.7306
2026-04-08,PLN,4.8876
2026-04-08,RON,5.8516
2026-04-08,SEK,12.4848
2026-04-08,SGD,1.7071
2026-04-08,THB,42.9778
2026-04-08,TND,3.8803
2026-04-08,TRY,59.5867
2026-04-08,USD,1.3393
2026-04-08,VND,35272.3334
2026-04-08,XOF,753.511
2026-04-08,ZAR,22.0
2026-04-09,AED,4.9318
2026-04-09,AUD,1.898
2026-04-09,BGN,2.2465
2026-04-09,BRL,6.8452
2026-04-09,CAD,1.8564
2026-04-09,CHF,1.0621
2026-04-09,CNY,9.1746
2026-04-09,COP,4878.8707
2026-04-09,CZK,27.9986
2026-04-09,DKK,8.5831
2026-04-09,EUR,1.1487
2026-04-09,HKD,10.5205
2026-04-09,HUF,432.8014
2026-04-09,IDR,22920.4501
2026-04-09,ILS,4.1194
2026-04-09,INR,124.1789
2026-04-09,JPY,213.6764
2026-04-09,KRW,1979.816
2026-04-09,MKD,70.7882
2026-04-09,MXN,23.3344
2026-04-09,MYR,5.3488
2026-04-09,NOK,12.7613
2026-04-09,NZD,2.2955
2026-04-09,PHP,80.1166
2026-04-09,PLN,4.8795
2026-04-09,RON,5.8485
2026-04-09,SEK,12.4764
2026-04-09,SGD,1.7101
2026-04-09,THB,43.0805
2026-04-09,TND,3.8803
2026-04-09,TRY,59.9516
2026-04-09,USD,1.3429
2026-04-09,VND,35358.3246
2026-04-09,XOF,753.4782
2026-04-09,ZAR,22.0095
2026-04-10,AED,4.9422
2026-04-10,AUD,1.9042
2026-04-10,BGN,2.2444
2026-04-10,BRL,6.7342
2026-04-10,CAD,1.8626
2026-04-10,CHF,1.0622
2026-04-10,CNY,9.1871
2026-04-10,COP,4892.9061
2026-04-10,CZK,27.9708
2026-04-10,DKK,8.5747
2026-04-10,EUR,1.147
2026-04-10,HKD,10.538
2026-04-10,HUF,430.8289
2026-04-10,IDR,22992.1435
2026-04-10,ILS,4.0822
2026-04-10,INR,125.2742
2026-04-10,JPY,214.2643
2026-04-10,KRW,1997.7435
2026-04-10,MKD,70.7074
2026-04-10,MXN,23.2796
2026-04-10,MYR,5.3349
2026-04-10,NOK,12.8158
2026-04-10,NZD,2.3059
2026-04-10,PHP,80.5639
2026-04-10,PLN,4.8819
2026-04-10,RON,5.8426
2026-04-10,SEK,12.4754
2026-04-10,SGD,1.7143
2026-04-10,THB,43.3524
2026-04-10,TND,3.8845
2026-04-10,TRY,60.0968
2026-04-10,USD,1.3455
2026-04-10,VND,35435.8767
2026-04-10,XOF,752.3907
2026-04-10,ZAR,22.0494
2026-04-11,AED,4.9422
2026-04-11,AUD,1.9042
2026-04-11,BGN,2.2444
2026-04-11,BRL,6.7342
2026-04-11,CAD,1.8626
2026-04-11,CHF,1.0622
2026-04-11,CNY,9.1871
2026-04-11,COP,4892.9061
2026-04-11,CZK,27.9708
2026-04-11,DKK,8.5747
2026-04-11,EUR,1.147
2026-04-11,HKD,10.538
2026-04-11,HUF,430.8289
2026-04-11,IDR,22992.1435
2026-04-11,ILS,4.0822
2026-04-11,INR,125.2742
2026-04-11,JPY,214.2643
2026-04-11,KRW,1997.7435
2026-04-11,MKD,70.7074
2026-04-11,MXN,23.2796
2026-04-11,MYR,5.3349
2026-04-11,NOK,12.8158
2026-04-11,NZD,2.3059
2026-04-11,PHP,80.5639
2026-04-11,PLN,4.8819
2026-04-11,RON,5.8426
2026-04-11,SEK,12.4754
2026-04-11,SGD,1.7143
2026-04-11,THB,43.3524
2026-04-11,TND,3.8845
2026-04-11,TRY,60.0968
2026-04-11,USD,1.3455
2026-04-11,VND,35435.8767
2026-04-11,XOF,752.3907
2026-04-11,ZAR,22.0494
2026-04-12,AED,4.9188
2026-04-12,AUD,1.9083
2026-04-12,BGN,2.2442
2026-04-12,BRL,6.7093
2026-04-12,CAD,1.8582
2026-04-12,CHF,1.0617
2026-04-12,CNY,9.1449
2026-04-12,COP,4893.7547
2026-04-12,CZK,27.962
2026-04-12,DKK,8.5723
2026-04-12,EUR,1.1472
2026-04-12,HKD,10.4907
2026-04-12,HUF,422.8208
2026-04-12,IDR,22890.4936
2026-04-12,ILS,4.0637
2026-04-12,INR,126.574
2026-04-12,JPY,213.909
2026-04-12,KRW,1986.4479
2026-04-12,MKD,70.3828
2026-04-12,MXN,23.3548
2026-04-12,MYR,5.3238
2026-04-12,NOK,12.7794
2026-04-12,NZD,2.3081
2026-04-12,PHP,80.2763
2026-04-12,PLN,4.8856
2026-04-12,RON,5.8392
2026-04-12,SEK,12.5052
2026-04-12,SGD,1.7114
2026-04-12,THB,43.3003
2026-04-12,TND,3.8831
2026-04-12,TRY,59.8727
2026-04-12,USD,1.3393
2026-04-12,VND,35273.1836
2026-04-12,XOF,752.5342
2026-04-12,ZAR,22.2342
2026-04-13,AED,4.9637
2026-04-13,AUD,1.9038
2026-04-13,BGN,2.2467
2026-04-13,BRL,6.7525
2026-04-13,CAD,1.8634
2026-04-13,CHF,1.0586
2026-04-13,CNY,9.2319
2026-04-13,COP,4892.6159
2026-04-13,CZK,27.982
2026-04-13,DKK,8.5832
2026-04-13,EUR,1.1486
2026-04-13,HKD,10.5829
2026-04-13,HUF,417.1186
2026-04-13,IDR,23155.4761
2026-04-13,ILS,4.1161
2026-04-13,INR,128.3243
2026-04-13,JPY,215.2041
2026-04-13,KRW,1997.5542
2026-04-13,MKD,70.8062
2026-04-13,MXN,23.373
2026-04-13,MYR,5.3732
2026-04-13,NOK,12.7682
2026-04-13,NZD,2.302
2026-04-13,PHP,81.2384
2026-04-13,PLN,4.8794
2026-04-13,RON,5.8456
2026-04-13,SEK,12.414
2026-04-13,SGD,1.7192
2026-04-13,THB,43.2649
2026-04-13,TND,3.898
2026-04-13,TRY,60.4261
2026-04-13,USD,1.3516
2026-04-13,VND,35605.5095
2026-04-13,XOF,753.4549
2026-04-13,ZAR,22.1594
2026-04-14,AED,4.9854
2026-04-14,AUD,1.9041
2026-04-14,BGN,2.2503
2026-04-14,BRL,6.7708
2026-04-14,CAD,1.8687
2026-04-14,CHF,1.0601
2026-04-14,CNY,9.2528
2026-04-14,COP,4869.8085
2026-04-14,CZK,28.0077
2026-04-14,DKK,8.5978
2026-04-14,EUR,1.1505
2026-04-14,HKD,10.6345
2026-04-14,HUF,418.5357
2026-04-14,IDR,23260.9292
2026-04-14,ILS,4.0854
2026-04-14,INR,126.4731
2026-04-14,JPY,215.5756
2026-04-14,KRW,1996.1002
2026-04-14,MKD,70.9273
2026-04-14,MXN,23.4248
2026-04-14,MYR,5.3628
2026-04-14,NOK,12.8181
2026-04-14,NZD,2.2998
2026-04-14,PHP,81.1858
2026-04-14,PLN,4.8759
2026-04-14,RON,5.8579
2026-04-14,SEK,12.4564
2026-04-14,SGD,1.7251
2026-04-14,THB,43.4282
2026-04-14,TND,3.9131
2026-04-14,TRY,60.7253
2026-04-14,USD,1.3575
2026-04-14,VND,35761.534
2026-04-14,XOF,754.7077
2026-04-14,ZAR,22.1732
2026-04-15,AED,4.9846
2026-04-15,AUD,1.8915
2026-04-15,BGN,2.2484
2026-04-15,BRL,6.7782
2026-04-15,CAD,1.8638
2026-04-15,CHF,1.0605
2026-04-15,CNY,9.2544
2026-04-15,COP,4854.3874
2026-04-15,CZK,27.9771
2026-04-15,DKK,8.591
2026-04-15,EUR,1.1496
2026-04-15,HKD,10.6313
2026-04-15,HUF,417.5637
2026-04-15,IDR,23281.076
2026-04-15,ILS,4.0689
2026-04-15,INR,126.7532
2026-04-15,JPY,215.5614
2026-04-15,KRW,2002.0455
2026-04-15,MKD,70.8992
2026-04-15,MXN,23.4078
2026-04-15,MYR,5.3681
2026-04-15,NOK,12.7436
2026-04-15,NZD,2.2961
2026-04-15,PHP,81.5132
2026-04-15,PLN,4.8685
2026-04-15,RON,5.8518
2026-04-15,SEK,12.4271
2026-04-15,SGD,1.7248
2026-04-15,THB,43.4603
2026-04-15,TND,3.9191
2026-04-15,TRY,60.7152
2026-04-15,USD,1.3573
2026-04-15,VND,35736.8807
2026-04-15,XOF,754.0775
2026-04-15,ZAR,22.2101
2026-04-16,AED,4.9674
2026-04-16,AUD,1.8891
2026-04-16,BGN,2.2453
2026-04-16,BRL,6.7525
2026-04-16,CAD,1.8533
2026-04-16,CHF,1.0594
2026-04-16,CNY,9.2265
2026-04-16,COP,4895.7041
2026-04-16,CZK,27.9328
2026-04-16,DKK,8.5796
2026-04-16,EUR,1.1481
2026-04-16,HKD,10.5813
2026-04-16,HUF,419.0061
2026-04-16,IDR,23168.6387
2026-04-16,ILS,4.054
2026-04-16,INR,125.8556
2026-04-16,JPY,215.3513
2026-04-16,KRW,2000.3625
2026-04-16,MKD,70.7736
2026-04-16,MXN,23.3351
2026-04-16,MYR,5.3481
2026-04-16,NOK,12.6611
2026-04-16,NZD,2.2984
2026-04-16,PHP,81.1538
2026-04-16,PLN,4.8683
2026-04-16,RON,5.8506
2026-04-16,SEK,12.439
2026-04-16,SGD,1.722
2026-04-16,THB,43.3504
2026-04-16,TND,3.9029
2026-04-16,TRY,60.6697
2026-04-16,USD,1.3526
2026-04-16,VND,35613.0893
2026-04-16,XOF,753.093
2026-04-16,ZAR,22.1959
2026-04-17,AED,4.9665
2026-04-17,AUD,1.8848
2026-04-17,BGN,2.2484
2026-04-17,BRL,6.7347
2026-04-17,CAD,1.8633
2026-04-17,CHF,1.0569
2026-04-17,CNY,9.22
2026-04-17,COP,4884.7986
2026-04-17,CZK,27.9052
2026-04-17,DKK,8.5906
2026-04-17,EUR,1.1487
2026-04-17,HKD,10.6011
2026-04-17,HUF,415.5931
2026-04-17,IDR,23180.6047
2026-04-17,ILS,4.003
2026-04-17,INR,125.2315
2026-04-17,JPY,214.5447
2026-04-17,KRW,1983.9746
2026-04-17,MKD,70.6995
2026-04-17,MXN,23.4108
2026-04-17,MYR,5.3452
2026-04-17,NOK,12.6698
2026-04-17,NZD,2.2995
2026-04-17,PHP,80.5518
2026-04-17,PLN,4.8608
2026-04-17,RON,5.8562
2026-04-17,SEK,12.3935
2026-04-17,SGD,1.7177
2026-04-17,THB,43.4369
2026-04-17,TND,3.8779
2026-04-17,TRY,60.6456
2026-04-17,USD,1.3524
2026-04-17,VND,35616.4467
2026-04-17,XOF,753.5237
2026-04-17,ZAR,22.0653
2026-04-18,AED,4.9665
2026-04-18,AUD,1.8848
2026-04-18,BGN,2.2484
2026-04-18,BRL,6.7347
2026-04-18,CAD,1.8633
2026-04-18,CHF,1.0569
2026-04-18,CNY,9.22
2026-04-18,COP,4884.7986
2026-04-18,CZK,27.9052
2026-04-18,DKK,8.5906
2026-04-18,EUR,1.1487
2026-04-18,HKD,10.6011
2026-04-18,HUF,415.5931
2026-04-18,IDR,23180.6047
2026-04-18,ILS,4.003
2026-04-18,INR,125.2315
2026-04-18,JPY,214.5447
2026-04-18,KRW,1983.9746
2026-04-18,MKD,70.6995
2026-04-18,MXN,23.4108
2026-04-18,MYR,5.3452
2026-04-18,NOK,12.6698
2026-04-18,NZD,2.2995
2026-04-18,PHP,80.5518
2026-04-18,PLN,4.8608
2026-04-18,RON,5.8562
2026-04-18,SEK,12.3935
2026-04-18,SGD,1.7177
2026-04-18,THB,43.4369
2026-04-18,TND,3.8779
2026-04-18,TRY,60.6456
2026-04-18,USD,1.3524
2026-04-18,VND,35616.4467
2026-04-18,XOF,753.5237
2026-04-18,ZAR,22.0653
2026-04-19,AED,4.9513
2026-04-19,AUD,1.8897
2026-04-19,BGN,2.2462
2026-04-19,BRL,6.7483
2026-04-19,CAD,1.8479
2026-04-19,CHF,1.0568
2026-04-19,CNY,9.1914
2026-04-19,COP,4884.5115
2026-04-19,CZK,27.8821
2026-04-19,DKK,8.5827
2026-04-19,EUR,1.1485
2026-04-19,HKD,10.5584
2026-04-19,HUF,416.1673
2026-04-19,IDR,23108.9138
2026-04-19,ILS,3.9904
2026-04-19,INR,124.8457
2026-04-19,JPY,214.5892
2026-04-19,KRW,1976.6209
2026-04-19,MKD,70.7517
2026-04-19,MXN,23.4256
2026-04-19,MYR,5.3287
2026-04-19,NOK,12.6533
2026-04-19,NZD,2.2988
2026-04-19,PHP,80.3027
2026-04-19,PLN,4.8581
2026-04-19,RON,5.8526
2026-04-19,SEK,12.4063
2026-04-19,SGD,1.7171
2026-04-19,THB,43.3303
2026-04-19,TND,3.8912
2026-04-19,TRY,60.4784
2026-04-19,USD,1.3482
2026-04-19,VND,35506.2952
2026-04-19,XOF,753.3719
2026-04-19,ZAR,22.1507
2026-04-20,AED,4.9692
2026-04-20,AUD,1.8861
2026-04-20,BGN,2.2457
2026-04-20,BRL,6.7031
2026-04-20,CAD,1.8462
2026-04-20,CHF,1.0535
2026-04-20,CNY,9.2247
2026-04-20,COP,4873.3865
2026-04-20,CZK,27.8875
2026-04-20,DKK,8.5808
2026-04-20,EUR,1.1483
2026-04-20,HKD,10.5949
2026-04-20,HUF,415.5431
2026-04-20,IDR,23181.356
2026-04-20,ILS,4.0443
2026-04-20,INR,126.0055
2026-04-20,JPY,214.9477
2026-04-20,KRW,1989.4079
2026-04-20,MKD,70.7717
2026-04-20,MXN,23.4227
2026-04-20,MYR,5.3481
2026-04-20,NOK,12.602
2026-04-20,NZD,2.2913
2026-04-20,PHP,81.0342
2026-04-20,PLN,4.8584
2026-04-20,RON,5.8547
2026-04-20,SEK,12.3473
2026-04-20,SGD,1.7186
2026-04-20,THB,43.3126
2026-04-20,TND,3.9123
2026-04-20,TRY,60.6981
2026-04-20,USD,1.3531
2026-04-20,VND,35635.9165
2026-04-20,XOF,753.2221
2026-04-20,ZAR,22.1379
2026-04-21,AED,4.9614
2026-04-21,AUD,1.8878
2026-04-21,BGN,2.25
2026-04-21,BRL,6.7613
2026-04-21,CAD,1.8451
2026-04-21,CHF,1.0545
2026-04-21,CNY,9.2147
2026-04-21,COP,4832.5805
2026-04-21,CZK,27.9789
2026-04-21,DKK,8.5966
2026-04-21,EUR,1.1503
2026-04-21,HKD,10.5789
2026-04-21,HUF,418.7557
2026-04-21,IDR,23156.4602
2026-04-21,ILS,4.0595
2026-04-21,INR,126.4799
2026-04-21,JPY,215.3039
2026-04-21,KRW,2008.6055
2026-04-21,MKD,70.9275
2026-04-21,MXN,23.4022
2026-04-21,MYR,5.343
2026-04-21,NOK,12.615
2026-04-21,NZD,2.2907
2026-04-21,PHP,81.1987
2026-04-21,PLN,4.8749
2026-04-21,RON,5.8642
2026-04-21,SEK,12.4083
2026-04-21,SGD,1.7202
2026-04-21,THB,43.5005
2026-04-21,TND,3.8837
2026-04-21,TRY,60.6901
2026-04-21,USD,1.3509
2026-04-21,VND,35569.9813
2026-04-21,XOF,754.5593
2026-04-21,ZAR,22.2605
2026-04-22,AED,4.9578
2026-04-22,AUD,1.8861
2026-04-22,BGN,2.2556
2026-04-22,BRL,6.7316
2026-04-22,CAD,1.8455
2026-04-22,CHF,1.0596
2026-04-22,CNY,9.2177
2026-04-22,COP,4848.7486
2026-04-22,CZK,28.0784
2026-04-22,DKK,8.618
2026-04-22,EUR,1.1533
2026-04-22,HKD,10.5736
2026-04-22,HUF,420.742
2026-04-22,IDR,23247.6079
2026-04-22,ILS,4.0491
2026-04-22,INR,126.6299
2026-04-22,JPY,215.3058
2026-04-22,KRW,1996.5815
2026-04-22,MKD,71.0827
2026-04-22,MXN,23.4135
2026-04-22,MYR,5.3426
2026-04-22,NOK,12.5593
2026-04-22,NZD,2.2866
2026-04-22,PHP,81.2221
2026-04-22,PLN,4.895
2026-04-22,RON,5.8715
2026-04-22,SEK,12.431
2026-04-22,SGD,1.7223
2026-04-22,THB,43.5506
2026-04-22,TND,3.8805
2026-04-22,TRY,60.6418
2026-04-22,USD,1.35
2026-04-22,VND,35535.3669
2026-04-22,XOF,756.5038
2026-04-22,ZAR,22.2363
2026-04-23,AED,4.946
2026-04-23,AUD,1.8889
2026-04-23,BGN,2.2542
2026-04-23,BRL,6.7768
2026-04-23,CAD,1.8447
2026-04-23,CHF,1.0589
2026-04-23,CNY,9.1924
2026-04-23,COP,4790.2183
2026-04-23,CZK,28.0793
2026-04-23,DKK,8.613
2026-04-23,EUR,1.1526
2026-04-23,HKD,10.5469
2026-04-23,HUF,422.5938
2026-04-23,IDR,23345.6706
2026-04-23,ILS,4.0214
2026-04-23,INR,126.7307
2026-04-23,JPY,215.1441
2026-04-23,KRW,1994.2217
2026-04-23,MKD,71.0348
2026-04-23,MXN,23.4545
2026-04-23,MYR,5.3372
2026-04-23,NOK,12.5691
2026-04-23,NZD,2.3009
2026-04-23,PHP,81.4088
2026-04-23,PLN,4.8902
2026-04-23,RON,5.8685
2026-04-23,SEK,12.4725
2026-04-23,SGD,1.7208
2026-04-23,THB,43.7503
2026-04-23,TND,3.8907
2026-04-23,TRY,60.5702
2026-04-23,USD,1.3466
2026-04-23,VND,35454.931
2026-04-23,XOF,756.0289
2026-04-23,ZAR,22.4142
2026-04-24,AED,4.9712
2026-04-24,AUD,1.8945
2026-04-24,BGN,2.2588
2026-04-24,BRL,6.7723
2026-04-24,CAD,1.8514
2026-04-24,CHF,1.0623
2026-04-24,CNY,9.2522
2026-04-24,COP,4810.2066
2026-04-24,CZK,28.1203
2026-04-24,DKK,8.6281
2026-04-24,EUR,1.1545
2026-04-24,HKD,10.6048
2026-04-24,HUF,421.6107
2026-04-24,IDR,23350.5821
2026-04-24,ILS,4.0414
2026-04-24,INR,127.3083
2026-04-24,JPY,215.6847
2026-04-24,KRW,1998.4934
2026-04-24,MKD,71.1595
2026-04-24,MXN,23.5212
2026-04-24,MYR,5.3656
2026-04-24,NOK,12.6096
2026-04-24,NZD,2.3021
2026-04-24,PHP,82.1446
2026-04-24,PLN,4.8992
2026-04-24,RON,5.8744
2026-04-24,SEK,12.4788
2026-04-24,SGD,1.7269
2026-04-24,THB,43.7233
2026-04-24,TND,3.8991
2026-04-24,TRY,60.903
2026-04-24,USD,1.3534
2026-04-24,VND,35625.1577
2026-04-24,XOF,757.3077
2026-04-24,ZAR,22.3777
2026-04-25,AED,4.9712
2026-04-25,AUD,1.8945
2026-04-25,BGN,2.2588
2026-04-25,BRL,6.7723
2026-04-25,CAD,1.8514
2026-04-25,CHF,1.0623
2026-04-25,CNY,9.2522
2026-04-25,COP,4810.2066
2026-04-25,CZK,28.1203
2026-04-25,DKK,8.6281
2026-04-25,EUR,1.1545
2026-04-25,HKD,10.6048
2026-04-25,HUF,421.6107
2026-04-25,IDR,23350.5821
2026-04-25,ILS,4.0414
2026-04-25,INR,127.3083
2026-04-25,JPY,215.6847
2026-04-25,KRW,1998.4934
2026-04-25,MKD,71.1595
2026-04-25,MXN,23.5212
2026-04-25,MYR,5.3656
2026-04-25,NOK,12.6096
2026-04-25,NZD,2.3021
2026-04-25,PHP,82.1446
2026-04-25,PLN,4.8992
2026-04-25,RON,5.8744
2026-04-25,SEK,12.4788
2026-04-25,SGD,1.7269
2026-04-25,THB,43.7233
2026-04-25,TND,3.8991
2026-04-25,TRY,60.903
2026-04-25,USD,1.3534
2026-04-25,VND,35625.1577
2026-04-25,XOF,757.3077
2026-04-25,ZAR,22.3777
2026-04-26,AED,4.9634
2026-04-26,AUD,1.892
2026-04-26,BGN,2.258
2026-04-26,BRL,6.7315
2026-04-26,CAD,1.8486
2026-04-26,CHF,1.0628
2026-04-26,CNY,9.239
2026-04-26,COP,4810.1802
2026-04-26,CZK,28.1234
2026-04-26,DKK,8.6277
2026-04-26,EUR,1.1545
2026-04-26,HKD,10.5888
2026-04-26,HUF,422.5121
2026-04-26,IDR,23317.2574
2026-04-26,ILS,4.0356
2026-04-26,INR,127.3766
2026-04-26,JPY,215.6749
2026-04-26,KRW,1994.3455
2026-04-26,MKD,71.0638
2026-04-26,MXN,23.5381
2026-04-26,MYR,5.3586
2026-04-26,NOK,12.5781
2026-04-26,NZD,2.3022
2026-04-26,PHP,81.9395
2026-04-26,PLN,4.9002
2026-04-26,RON,5.8717
2026-04-26,SEK,12.4962
2026-04-26,SGD,1.7262
2026-04-26,THB,43.8281
2026-04-26,TND,3.9121
2026-04-26,TRY,60.8396
2026-04-26,USD,1.3515
2026-04-26,VND,35630.589
2026-04-26,XOF,757.3287
2026-04-26,ZAR,22.4345
2026-04-27,AED,4.9716
2026-04-27,AUD,1.8828
2026-04-27,BGN,2.2587
2026-04-27,BRL,6.7715
2026-04-27,CAD,1.8442
2026-04-27,CHF,1.0632
2026-04-27,CNY,9.2368
2026-04-27,COP,4824.9457
2026-04-27,CZK,28.1255
2026-04-27,DKK,8.6292
2026-04-27,EUR,1.1548
2026-04-27,HKD,10.6092
2026-04-27,HUF,420.6328
2026-04-27,IDR,23316.1388
2026-04-27,ILS,4.0281
2026-04-27,INR,127.6014
2026-04-27,JPY,215.7474
2026-04-27,KRW,1995.3938
2026-04-27,MKD,71.1763
2026-04-27,MXN,23.5272
2026-04-27,MYR,5.3517
2026-04-27,NOK,12.5732
2026-04-27,NZD,2.2903
2026-04-27,PHP,82.2502
2026-04-27,PLN,4.9023
2026-04-27,RON,5.8762
2026-04-27,SEK,12.4786
2026-04-27,SGD,1.7248
2026-04-27,THB,43.8204
2026-04-27,TND,3.9465
2026-04-27,TRY,60.9653
2026-04-27,USD,1.3537
2026-04-27,VND,35690.3512
2026-04-27,XOF,757.4995
2026-04-27,ZAR,22.3884
2026-04-28,AED,4.9671
2026-04-28,AUD,1.882
2026-04-28,BGN,2.2577
2026-04-28,BRL,6.7568
2026-04-28,CAD,1.8503
2026-04-28,CHF,1.0672
2026-04-28,CNY,9.2477
2026-04-28,COP,4913.8902
2026-04-28,CZK,28.1175
2026-04-28,DKK,8.6264
2026-04-28,EUR,1.1543
2026-04-28,HKD,10.5977
2026-04-28,HUF,419.8417
2026-04-28,IDR,23331.0186
2026-04-28,ILS,3.998
2026-04-28,INR,128.0084
2026-04-28,JPY,215.8132
2026-04-28,KRW,1992.3387
2026-04-28,MKD,71.1593
2026-04-28,MXN,23.5152
2026-04-28,MYR,5.3458
2026-04-28,NOK,12.6047
2026-04-28,NZD,2.2973
2026-04-28,PHP,82.6188
2026-04-28,PLN,4.9038
2026-04-28,RON,5.8813
2026-04-28,SEK,12.5283
2026-04-28,SGD,1.7258
2026-04-28,THB,43.9562
2026-04-28,TND,3.9089
2026-04-28,TRY,60.9507
2026-04-28,USD,1.3525
2026-04-28,VND,35638.9763
2026-04-28,XOF,757.1385
2026-04-28,ZAR,22.372
2026-04-29,AED,4.9542
2026-04-29,AUD,1.8925
2026-04-29,BGN,2.258
2026-04-29,BRL,6.7706
2026-04-29,CAD,1.8443
2026-04-29,CHF,1.0665
2026-04-29,CNY,9.2249
2026-04-29,COP,4869.1562
2026-04-29,CZK,28.1518
2026-04-29,DKK,8.6271
2026-04-29,EUR,1.1545
2026-04-29,HKD,10.572
2026-04-29,HUF,421.9567
2026-04-29,IDR,23407.9424
2026-04-29,ILS,4.0098
2026-04-29,INR,128.0428
2026-04-29,JPY,216.0969
2026-04-29,KRW,2007.8285
2026-04-29,MKD,71.1668
2026-04-29,MXN,23.645
2026-04-29,MYR,5.3323
2026-04-29,NOK,12.5792
2026-04-29,NZD,2.3099
2026-04-29,PHP,83.2953
2026-04-29,PLN,4.9181
2026-04-29,RON,5.8903
2026-04-29,SEK,12.555
2026-04-29,SGD,1.7273
2026-04-29,THB,44.2067
2026-04-29,TND,3.9087
2026-04-29,TRY,60.9357
2026-04-29,USD,1.349
2026-04-29,VND,35556.1339
2026-04-29,XOF,757.2907
2026-04-29,ZAR,22.6777
2026-04-30,AED,4.9963
2026-04-30,AUD,1.8889
2026-04-30,BGN,2.2681
2026-04-30,BRL,6.7619
2026-04-30,CAD,1.8474
2026-04-30,CHF,1.0633
2026-04-30,CNY,9.2882
2026-04-30,COP,4923.3225
2026-04-30,CZK,28.2801
2026-04-30,DKK,8.6667
2026-04-30,EUR,1.1598
2026-04-30,HKD,10.655
2026-04-30,HUF,423.3207
2026-04-30,IDR,23558.4475
2026-04-30,ILS,4.016
2026-04-30,INR,128.8978
2026-04-30,JPY,213.5759
2026-04-30,KRW,2006.6158
2026-04-30,MKD,71.4599
2026-04-30,MXN,23.7533
2026-04-30,MYR,5.4003
2026-04-30,NOK,12.6046
2026-04-30,NZD,2.3032
2026-04-30,PHP,83.4155
2026-04-30,PLN,4.937
2026-04-30,RON,6.032
2026-04-30,SEK,12.5655
2026-04-30,SGD,1.7321
2026-04-30,THB,44.2498
2026-04-30,TND,3.9712
2026-04-30,TRY,61.4197
2026-04-30,USD,1.3603
2026-04-30,VND,35853.0511
2026-04-30,XOF,760.766
2026-04-30,ZAR,22.6835
2026-05-01,AED,4.9866
2026-05-01,AUD,1.885
2026-05-01,BGN,2.2653
2026-05-01,BRL,6.7784
2026-05-01,CAD,1.8456
2026-05-01,CHF,1.0619
2026-05-01,CNY,9.27
2026-05-01,COP,4914.2112
2026-05-01,CZK,28.22
2026-05-01,DKK,8.6548
2026-05-01,EUR,1.1578
2026-05-01,HKD,10.6369
2026-05-01,HUF,420.7799
2026-05-01,IDR,23532.6743
2026-05-01,ILS,3.9964
2026-05-01,INR,128.8248
2026-05-01,JPY,213.2452
2026-05-01,KRW,1997.4693
2026-05-01,MKD,71.2968
2026-05-01,MXN,23.6999
2026-05-01,MYR,5.3897
2026-05-01,NOK,12.6209
2026-05-01,NZD,2.3022
2026-05-01,PHP,83.2066
2026-05-01,PLN,4.9161
2026-05-01,RON,6.0307
2026-05-01,SEK,12.5093
2026-05-01,SGD,1.7277
2026-05-01,THB,44.1742
2026-05-01,TND,3.9123
2026-05-01,TRY,61.3191
2026-05-01,USD,1.3576
2026-05-01,VND,35782.8144
2026-05-01,XOF,759.4413
2026-05-01,ZAR,22.6251
2026-05-02,AED,4.9866
2026-05-02,AUD,1.885
2026-05-02,BGN,2.2653
2026-05-02,BRL,6.7784
2026-05-02,CAD,1.8456
2026-05-02,CHF,1.0619
2026-05-02,CNY,9.27
2026-05-02,COP,4914.2112
2026-05-02,CZK,28.22
2026-05-02,DKK,8.6548
2026-05-02,EUR,1.1578
2026-05-02,HKD,10.6369
2026-05-02,HUF,420.7799
2026-05-02,IDR,23532.6743
2026-05-02,ILS,3.9964
2026-05-02,INR,128.8248
2026-05-02,JPY,213.2452
2026-05-02,KRW,1997.4693
2026-05-02,MKD,71.2968
2026-05-02,MXN,23.6999
2026-05-02,MYR,5.3897
2026-05-02,NOK,12.6209
2026-05-02,NZD,2.3022
2026-05-02,PHP,83.2066
2026-05-02,PLN,4.9161
2026-05-02,RON,6.0307
2026-05-02,SEK,12.5093
2026-05-02,SGD,1.7277
2026-05-02,THB,44.1742
2026-05-02,TND,3.9123
2026-05-02,TRY,61.3191
2026-05-02,USD,1.3576
2026-05-02,VND,35782.8144
2026-05-02,XOF,759.4413
2026-05-02,ZAR,22.6251
2026-05-03,AED,4.9874
2026-05-03,AUD,1.8838
2026-05-03,BGN,2.2647
2026-05-03,BRL,6.7327
2026-05-03,CAD,1.8456
2026-05-03,CHF,1.0611
2026-05-03,CNY,9.273
2026-05-03,COP,4916.6961
2026-05-03,CZK,28.2196
2026-05-03,DKK,8.6544
2026-05-03,EUR,1.1582
2026-05-03,HKD,10.6401
2026-05-03,HUF,420.0286
2026-05-03,IDR,23540.3124
2026-05-03,ILS,3.9977
2026-05-03,INR,128.8923
2026-05-03,JPY,213.0494
2026-05-03,KRW,2000.2366
2026-05-03,MKD,71.3847
2026-05-03,MXN,23.698
2026-05-03,MYR,5.3914
2026-05-03,NOK,12.6149
2026-05-03,NZD,2.2996
2026-05-03,PHP,83.2139
2026-05-03,PLN,4.9165
2026-05-03,RON,6.0198
2026-05-03,SEK,12.519
2026-05-03,SGD,1.7288
2026-05-03,THB,44.1869
2026-05-03,TND,3.9135
2026-05-03,TRY,61.3697
2026-05-03,USD,1.358
2026-05-03,VND,35794.4286
2026-05-03,XOF,759.7473
2026-05-03,ZAR,22.5332
2026-05-04,AED,4.9693
2026-05-04,AUD,1.8879
2026-05-04,BGN,2.2635
2026-05-04,BRL,6.7455
2026-05-04,CAD,1.8431
2026-05-04,CHF,1.0608
2026-05-04,CNY,9.242
2026-05-04,COP,4922.881
2026-05-04,CZK,28.2352
2026-05-04,DKK,8.6474
2026-05-04,EUR,1.1573
2026-05-04,HKD,10.5993
2026-05-04,HUF,421.7955
2026-05-04,IDR,23528.1355
2026-05-04,ILS,3.9834
2026-05-04,INR,128.8959
2026-05-04,JPY,212.6962
2026-05-04,KRW,1998.5866
2026-05-04,MKD,71.3402
2026-05-04,MXN,23.7107
2026-05-04,MYR,5.3488
2026-05-04,NOK,12.5502
2026-05-04,NZD,2.3044
2026-05-04,PHP,83.5541
2026-05-04,PLN,4.9281
2026-05-04,RON,6.0108
2026-05-04,SEK,12.5758
2026-05-04,SGD,1.7279
2026-05-04,THB,44.3141
2026-05-04,TND,3.9112
2026-05-04,TRY,61.1847
2026-05-04,USD,1.3531
2026-05-04,VND,35636.1093
2026-05-04,XOF,759.1254
2026-05-04,ZAR,22.7304
2026-05-05,AED,4.983
2026-05-05,AUD,1.8837
2026-05-05,BGN,2.265
2026-05-05,BRL,6.6876
2026-05-05,CAD,1.8459
2026-05-05,CHF,1.0603
2026-05-05,CNY,9.2677
2026-05-05,COP,5045.9151
2026-05-05,CZK,28.24
2026-05-05,DKK,8.6547
2026-05-05,EUR,1.1582
2026-05-05,HKD,10.6322
2026-05-05,HUF,418.4376
2026-05-05,IDR,23609.6499
2026-05-05,ILS,3.9885
2026-05-05,INR,129.0643
2026-05-05,JPY,213.9671
2026-05-05,KRW,2001.3077
2026-05-05,MKD,71.5168
2026-05-05,MXN,23.5269
2026-05-05,MYR,5.3765
2026-05-05,NOK,12.5496
2026-05-05,NZD,2.299
2026-05-05,PHP,83.5139
2026-05-05,PLN,4.916
2026-05-05,RON,6.0667
2026-05-05,SEK,12.5426
2026-05-05,SGD,1.7288
2026-05-05,THB,44.0161
2026-05-05,TND,3.9206
2026-05-05,TRY,61.3774
2026-05-05,USD,1.3568
2026-05-05,VND,35725.2917
2026-05-05,XOF,759.7168
2026-05-05,ZAR,22.5056
2026-05-06,AED,4.9914
2026-05-06,AUD,1.8785
2026-05-06,BGN,2.2628
2026-05-06,BRL,6.7136
2026-05-06,CAD,1.8535
2026-05-06,CHF,1.0586
2026-05-06,CNY,9.2574
2026-05-06,COP,5048.0295
2026-05-06,CZK,28.1477
2026-05-06,DKK,8.6454
2026-05-06,EUR,1.157
2026-05-06,HKD,10.6483
2026-05-06,HUF,414.7816
2026-05-06,IDR,23538.8199
2026-05-06,ILS,3.9465
2026-05-06,INR,128.5019
2026-05-06,JPY,212.7239
2026-05-06,KRW,1964.5454
2026-05-06,MKD,71.3028
2026-05-06,MXN,23.4529
2026-05-06,MYR,5.3346
2026-05-06,NOK,12.6335
2026-05-06,NZD,2.2829
2026-05-06,PHP,82.6827
2026-05-06,PLN,4.8976
2026-05-06,RON,6.0918
2026-05-06,SEK,12.5661
2026-05-06,SGD,1.7237
2026-05-06,THB,43.8272
2026-05-06,TND,3.9133
2026-05-06,TRY,61.4781
2026-05-06,USD,1.3591
2026-05-06,VND,35785.4518
2026-05-06,XOF,758.914
2026-05-06,ZAR,22.2882
2026-05-07,AED,4.9783
2026-05-07,AUD,1.8806
2026-05-07,BGN,2.2602
2026-05-07,BRL,6.7053
2026-05-07,CAD,1.8518
2026-05-07,CHF,1.0579
2026-05-07,CNY,9.2203
2026-05-07,COP,5044.8656
2026-05-07,CZK,28.0923
2026-05-07,DKK,8.6352
2026-05-07,EUR,1.1556
2026-05-07,HKD,10.6186
2026-05-07,HUF,412.1306
2026-05-07,IDR,23513.5369
2026-05-07,ILS,3.933
2026-05-07,INR,127.7753
2026-05-07,JPY,212.6115
2026-05-07,KRW,1973.4105
2026-05-07,MKD,71.2568
2026-05-07,MXN,23.4397
2026-05-07,MYR,5.2995
2026-05-07,NOK,12.6051
2026-05-07,NZD,2.2828
2026-05-07,PHP,82.1534
2026-05-07,PLN,4.8902
2026-05-07,RON,6.0816
2026-05-07,SEK,12.5786
2026-05-07,SGD,1.7205
2026-05-07,THB,43.7573
2026-05-07,TND,3.8898
2026-05-07,TRY,61.4033
2026-05-07,USD,1.3556
2026-05-07,VND,35663.1255
2026-05-07,XOF,758.0177
2026-05-07,ZAR,22.305
2026-05-08,AED,5.0075
2026-05-08,AUD,1.8802
2026-05-08,BGN,2.2625
2026-05-08,BRL,6.6995
2026-05-08,CAD,1.864
2026-05-08,CHF,1.0588
2026-05-08,CNY,9.2715
2026-05-08,COP,5081.0648
2026-05-08,CZK,28.134
2026-05-08,DKK,8.6439
2026-05-08,EUR,1.156
2026-05-08,HKD,10.6768
2026-05-08,HUF,409.2496
2026-05-08,IDR,23688.9748
2026-05-08,ILS,3.9549
2026-05-08,INR,128.7303
2026-05-08,JPY,213.5817
2026-05-08,KRW,1993.042
2026-05-08,MKD,71.2365
2026-05-08,MXN,23.4182
2026-05-08,MYR,5.3455
2026-05-08,NOK,12.555
2026-05-08,NZD,2.2847
2026-05-08,PHP,82.5001
2026-05-08,PLN,4.9017
2026-05-08,RON,6.0344
2026-05-08,SEK,12.5638
2026-05-08,SGD,1.7277
2026-05-08,THB,43.9343
2026-05-08,TND,3.9072
2026-05-08,TRY,61.8243
2026-05-08,USD,1.3633
2026-05-08,VND,35866.8903
2026-05-08,XOF,758.3033
2026-05-08,ZAR,22.3318
2026-05-09,AED,5.0075
2026-05-09,AUD,1.8802
2026-05-09,BGN,2.2625
2026-05-09,BRL,6.6995
2026-05-09,CAD,1.864
2026-05-09,CHF,1.0588
2026-05-09,CNY,9.2715
2026-05-09,COP,5081.0648
2026-05-09,CZK,28.134
2026-05-09,DKK,8.6439
2026-05-09,EUR,1.156
2026-05-09,HKD,10.6768
2026-05-09,HUF,409.2496
2026-05-09,IDR,23688.9748
2026-05-09,ILS,3.9549
2026-05-09,INR,128.7303
2026-05-09,JPY,213.5817
2026-05-09,KRW,1993.042
2026-05-09,MKD,71.2365
2026-05-09,MXN,23.4182
2026-05-09,MYR,5.3455
2026-05-09,NOK,12.555
2026-05-09,NZD,2.2847
2026-05-09,PHP,82.5001
2026-05-09,PLN,4.9017
2026-05-09,RON,6.0344
2026-05-09,SEK,12.5638
2026-05-09,SGD,1.7277
2026-05-09,THB,43.9343
2026-05-09,TND,3.9072
2026-05-09,TRY,61.8243
2026-05-09,USD,1.3633
2026-05-09,VND,35866.8903
2026-05-09,XOF,758.3033
2026-05-09,ZAR,22.3318
2026-05-10,AED,4.9929
2026-05-10,AUD,1.8793
2026-05-10,BGN,2.2594
2026-05-10,BRL,6.681
2026-05-10,CAD,1.8603
2026-05-10,CHF,1.0573
2026-05-10,CNY,9.2456
2026-05-10,COP,5078.8223
2026-05-10,CZK,28.0976
2026-05-10,DKK,8.6331
2026-05-10,EUR,1.1553
2026-05-10,HKD,10.6436
2026-05-10,HUF,410.4718
2026-05-10,IDR,23606.5143
2026-05-10,ILS,3.9442
2026-05-10,INR,128.3715
2026-05-10,JPY,213.2554
2026-05-10,KRW,1986.9909
2026-05-10,MKD,71.0379
2026-05-10,MXN,23.4078
2026-05-10,MYR,5.3279
2026-05-10,NOK,12.5245
2026-05-10,NZD,2.2849
2026-05-10,PHP,82.2497
2026-05-10,PLN,4.8976
2026-05-10,RON,6.0341
2026-05-10,SEK,12.5708
2026-05-10,SGD,1.724
2026-05-10,THB,43.9054
2026-05-10,TND,3.9131
2026-05-10,TRY,61.6635
2026-05-10,USD,1.3595
2026-05-10,VND,35766.8813
2026-05-10,XOF,757.8371
2026-05-10,ZAR,22.3434
2026-05-11,AED,4.9962
2026-05-11,AUD,1.8775
2026-05-11,BGN,2.2589
2026-05-11,BRL,6.6765
2026-05-11,CAD,1.8612
2026-05-11,CHF,1.0587
2026-05-11,CNY,9.2442
2026-05-11,COP,5077.1973
2026-05-11,CZK,28.0986
2026-05-11,DKK,8.6291
2026-05-11,EUR,1.155
2026-05-11,HKD,10.6505
2026-05-11,HUF,410.9033
2026-05-11,IDR,23696.83
2026-05-11,ILS,3.9478
2026-05-11,INR,129.7741
2026-05-11,JPY,213.9203
2026-05-11,KRW,2007.3999
2026-05-11,MKD,71.1674
2026-05-11,MXN,23.3914
2026-05-11,MYR,5.3363
2026-05-11,NOK,12.4924
2026-05-11,NZD,2.2811
2026-05-11,PHP,83.211
2026-05-11,PLN,4.8965
2026-05-11,RON,6.0139
2026-05-11,SEK,12.5464
2026-05-11,SGD,1.7267
2026-05-11,THB,43.9148
2026-05-11,TND,3.9038
2026-05-11,TRY,61.7502
2026-05-11,USD,1.3604
2026-05-11,VND,35819.7738
2026-05-11,XOF,757.6408
2026-05-11,ZAR,22.3633
2026-05-12,AED,4.9708
2026-05-12,AUD,1.8702
2026-05-12,BGN,2.2556
2026-05-12,BRL,6.6474
2026-05-12,CAD,1.854
2026-05-12,CHF,1.0567
2026-05-12,CNY,9.1932
2026-05-12,COP,5081.1509
2026-05-12,CZK,28.0732
2026-05-12,DKK,8.6174
2026-05-12,EUR,1.1534
2026-05-12,HKD,10.596
2026-05-12,HUF,412.5394
2026-05-12,IDR,23762.5874
2026-05-12,ILS,3.9439
2026-05-12,INR,129.4511
2026-05-12,JPY,213.4201
2026-05-12,KRW,2021.5022
2026-05-12,MKD,71.0863
2026-05-12,MXN,23.3227
2026-05-12,MYR,5.3247
2026-05-12,NOK,12.4337
2026-05-12,NZD,2.2742
2026-05-12,PHP,83.1466
2026-05-12,PLN,4.9063
2026-05-12,RON,6.0016
2026-05-12,SEK,12.5804
2026-05-12,SGD,1.7215
2026-05-12,THB,43.7903
2026-05-12,TND,3.9368
2026-05-12,TRY,61.4564
2026-05-12,USD,1.3535
2026-05-12,VND,35647.0103
2026-05-12,XOF,756.5774
2026-05-12,ZAR,22.359
2026-05-13,AED,4.9682
2026-05-13,AUD,1.8651
2026-05-13,BGN,2.2583
2026-05-13,BRL,6.7997
2026-05-13,CAD,1.854
2026-05-13,CHF,1.0575
2026-05-13,CNY,9.1869
2026-05-13,COP,5108.7583
2026-05-13,CZK,28.0935
2026-05-13,DKK,8.6284
2026-05-13,EUR,1.1547
2026-05-13,HKD,10.5915
2026-05-13,HUF,413.5445
2026-05-13,IDR,23691.755
2026-05-13,ILS,3.9375
2026-05-13,INR,129.4576
2026-05-13,JPY,213.5528
2026-05-13,KRW,2015.6736
2026-05-13,MKD,71.1699
2026-05-13,MXN,23.2276
2026-05-13,MYR,5.3172
2026-05-13,NOK,12.3999
2026-05-13,NZD,2.281
2026-05-13,PHP,83.0551
2026-05-13,PLN,4.9021
2026-05-13,RON,6.0141
2026-05-13,SEK,12.6145
2026-05-13,SGD,1.7212
2026-05-13,THB,43.7089
2026-05-13,TND,3.9056
2026-05-13,TRY,61.4651
2026-05-13,USD,1.3528
2026-05-13,VND,35646.883
2026-05-13,XOF,757.4124
2026-05-13,ZAR,22.1838
2026-05-14,AED,4.9176
2026-05-14,AUD,1.8561
2026-05-14,BGN,2.2455
2026-05-14,BRL,6.7028
2026-05-14,CAD,1.8377
2026-05-14,CHF,1.0501
2026-05-14,CNY,9.0856
2026-05-14,COP,5072.6819
2026-05-14,CZK,27.9169
2026-05-14,DKK,8.5811
2026-05-14,EUR,1.1482
2026-05-14,HKD,10.4881
2026-05-14,HUF,410.9237
2026-05-14,IDR,23537.2797
2026-05-14,ILS,3.8867
2026-05-14,INR,128.1592
2026-05-14,JPY,212.0664
2026-05-14,KRW,2000.0535
2026-05-14,MKD,70.7656
2026-05-14,MXN,23.0759
2026-05-14,MYR,5.2644
2026-05-14,NOK,12.4243
2026-05-14,NZD,2.2685
2026-05-14,PHP,82.5924
2026-05-14,PLN,4.8723
2026-05-14,RON,5.9716
2026-05-14,SEK,12.5977
2026-05-14,SGD,1.7092
2026-05-14,THB,43.5026
2026-05-14,TND,3.8741
2026-05-14,TRY,60.9885
2026-05-14,USD,1.339
2026-05-14,VND,35274.9168
2026-05-14,XOF,753.1898
2026-05-14,ZAR,22.0874
2026-05-15,AED,4.8948
2026-05-15,AUD,1.8635
2026-05-15,BGN,2.242
2026-05-15,BRL,6.7718
2026-05-15,CAD,1.8329
2026-05-15,CHF,1.0486
2026-05-15,CNY,9.0749
2026-05-15,COP,5050.5951
2026-05-15,CZK,27.8734
2026-05-15,DKK,8.5663
2026-05-15,EUR,1.1466
2026-05-15,HKD,10.4371
2026-05-15,HUF,414.6918
2026-05-15,IDR,23461.2592
2026-05-15,ILS,3.8904
2026-05-15,INR,127.9336
2026-05-15,JPY,211.5288
2026-05-15,KRW,1995.746
2026-05-15,MKD,70.6559
2026-05-15,MXN,23.1027
2026-05-15,MYR,5.2631
2026-05-15,NOK,12.3993
2026-05-15,NZD,2.2768
2026-05-15,PHP,82.0988
2026-05-15,PLN,4.8684
2026-05-15,RON,5.9115
2026-05-15,SEK,12.5941
2026-05-15,SGD,1.7064
2026-05-15,THB,43.3953
2026-05-15,TND,3.8585
2026-05-15,TRY,60.6269
2026-05-15,USD,1.3326
2026-05-15,VND,35123.8672
2026-05-15,XOF,752.0992
2026-05-15,ZAR,22.2383
2026-05-16,AED,4.8948
2026-05-16,AUD,1.8635
2026-05-16,BGN,2.242
2026-05-16,BRL,6.7718
2026-05-16,CAD,1.8329
2026-05-16,CHF,1.0486
2026-05-16,CNY,9.0749
2026-05-16,COP,5050.5951
2026-05-16,CZK,27.8734
2026-05-16,DKK,8.5663
2026-05-16,EUR,1.1466
2026-05-16,HKD,10.4371
2026-05-16,HUF,414.6918
2026-05-16,IDR,23461.2592
2026-05-16,ILS,3.8904
2026-05-16,INR,127.9336
2026-05-16,JPY,211.5288
2026-05-16,KRW,1995.746
2026-05-16,MKD,70.6559
2026-05-16,MXN,23.1027
2026-05-16,MYR,5.2631
2026-05-16,NOK,12.3993
2026-05-16,NZD,2.2768
2026-05-16,PHP,82.0988
2026-05-16,PLN,4.8684
2026-05-16,RON,5.9115
2026-05-16,SEK,12.5941
2026-05-16,SGD,1.7064
2026-05-16,THB,43.3953
2026-05-16,TND,3.8585
2026-05-16,TRY,60.6269
2026-05-16,USD,1.3326
2026-05-16,VND,35123.8672
2026-05-16,XOF,752.0992
2026-05-16,ZAR,22.2383
2026-05-17,AED,4.8877
2026-05-17,AUD,1.8671
2026-05-17,BGN,2.2412
2026-05-17,BRL,6.7376
2026-05-17,CAD,1.8316
2026-05-17,CHF,1.0479
2026-05-17,CNY,9.0633
2026-05-17,COP,5049.8234
2026-05-17,CZK,27.8768
2026-05-17,DKK,8.5647
2026-05-17,EUR,1.146
2026-05-17,HKD,10.4215
2026-05-17,HUF,413.8337
2026-05-17,IDR,23414.5137
2026-05-17,ILS,3.8854
2026-05-17,INR,127.7253
2026-05-17,JPY,211.4396
2026-05-17,KRW,1997.5999
2026-05-17,MKD,70.6134
2026-05-17,MXN,23.1006
2026-05-17,MYR,5.2564
2026-05-17,NOK,12.4055
2026-05-17,NZD,2.2823
2026-05-17,PHP,82.0235
2026-05-17,PLN,4.869
2026-05-17,RON,5.967
2026-05-17,SEK,12.5892
2026-05-17,SGD,1.7054
2026-05-17,THB,43.5198
2026-05-17,TND,3.8733
2026-05-17,TRY,60.6271
2026-05-17,USD,1.3309
2026-05-17,VND,35078.5704
2026-05-17,XOF,751.7403
2026-05-17,ZAR,22.2625
2026-05-18,AED,4.9326
2026-05-18,AUD,1.8731
2026-05-18,BGN,2.2538
2026-05-18,BRL,6.7284
2026-05-18,CAD,1.8453
2026-05-18,CHF,1.0538
2026-05-18,CNY,9.1335
2026-05-18,COP,5091.8471
2026-05-18,CZK,28.0083
2026-05-18,DKK,8.6118
2026-05-18,EUR,1.1524
2026-05-18,HKD,10.5175
2026-05-18,HUF,415.3544
2026-05-18,IDR,23784.7958
2026-05-18,ILS,3.9002
2026-05-18,INR,129.3034
2026-05-18,JPY,213.3821
2026-05-18,KRW,2006.0151
2026-05-18,MKD,71.001
2026-05-18,MXN,23.2043
2026-05-18,MYR,5.3416
2026-05-18,NOK,12.4374
2026-05-18,NZD,2.2868
2026-05-18,PHP,82.7024
2026-05-18,PLN,4.8877
2026-05-18,RON,6.0016
2026-05-18,SEK,12.5991
2026-05-18,SGD,1.7171
2026-05-18,THB,43.6825
2026-05-18,TND,3.9029
2026-05-18,TRY,61.2167
2026-05-18,USD,1.3431
2026-05-18,VND,35401.3553
2026-05-18,XOF,755.8952
2026-05-18,ZAR,22.2666
2026-05-19,AED,4.9196
2026-05-19,AUD,1.8854
2026-05-19,BGN,2.2568
2026-05-19,BRL,6.7776
2026-05-19,CAD,1.8418
2026-05-19,CHF,1.0567
2026-05-19,CNY,9.1292
2026-05-19,COP,5097.5279
2026-05-19,CZK,28.0801
2026-05-19,DKK,8.6247
2026-05-19,EUR,1.1542
2026-05-19,HKD,10.4929
2026-05-19,HUF,417.4731
2026-05-19,IDR,23823.2145
2026-05-19,ILS,3.9236
2026-05-19,INR,129.3578
2026-05-19,JPY,213.0588
2026-05-19,KRW,2020.6341
2026-05-19,MKD,71.1096
2026-05-19,MXN,23.316
2026-05-19,MYR,5.3288
2026-05-19,NOK,12.4181
2026-05-19,NZD,2.2969
2026-05-19,PHP,82.7512
2026-05-19,PLN,4.9055
2026-05-19,RON,6.03
2026-05-19,SEK,12.5948
2026-05-19,SGD,1.7175
2026-05-19,THB,43.8176
2026-05-19,TND,3.9216
2026-05-19,TRY,61.0706
2026-05-19,USD,1.3396
2026-05-19,VND,35317.1461
2026-05-19,XOF,757.0811
2026-05-19,ZAR,22.3818
2026-05-20,AED,4.9337
2026-05-20,AUD,1.879
2026-05-20,BGN,2.2602
2026-05-20,BRL,6.7351
2026-05-20,CAD,1.847
2026-05-20,CHF,1.0575
2026-05-20,CNY,9.1373
2026-05-20,COP,5060.9348
2026-05-20,CZK,28.0834
2026-05-20,DKK,8.6359
2026-05-20,EUR,1.1556
2026-05-20,HKD,10.5208
2026-05-20,HUF,415.683
2026-05-20,IDR,23844.9617
2026-05-20,ILS,3.8997
2026-05-20,INR,129.6789
2026-05-20,JPY,213.444
2026-05-20,KRW,2015.309
2026-05-20,MKD,71.24
2026-05-20,MXN,23.2667
2026-05-20,MYR,5.3323
2026-05-20,NOK,12.4365
2026-05-20,NZD,2.2894
2026-05-20,PHP,82.5085
2026-05-20,PLN,4.9069
2026-05-20,RON,6.0543
2026-05-20,SEK,12.5534
2026-05-20,SGD,1.717
2026-05-20,THB,43.7376
2026-05-20,TND,3.897
2026-05-20,TRY,61.2571
2026-05-20,USD,1.3434
2026-05-20,VND,35427.8782
2026-05-20,XOF,758.0379
2026-05-20,ZAR,22.1168
2026-05-21,AED,4.9328
2026-05-21,AUD,1.8791
2026-05-21,BGN,2.2612
2026-05-21,BRL,6.7409
2026-05-21,CAD,1.8505
2026-05-21,CHF,1.0565
2026-05-21,CNY,9.1379
2026-05-21,COP,4985.9843
2026-05-21,CZK,28.075
2026-05-21,DKK,8.6392
2026-05-21,EUR,1.156
2026-05-21,HKD,10.5225
2026-05-21,HUF,415.6298
2026-05-21,IDR,23764.5846
2026-05-21,ILS,3.9122
2026-05-21,INR,129.1787
2026-05-21,JPY,213.6047
2026-05-21,KRW,2021.27
2026-05-21,MKD,71.2602
2026-05-21,MXN,23.2358
2026-05-21,MYR,5.3211
2026-05-21,NOK,12.4032
2026-05-21,NZD,2.2854
2026-05-21,PHP,82.6613
2026-05-21,PLN,4.9029
2026-05-21,RON,6.0616
2026-05-21,SEK,12.5475
2026-05-21,SGD,1.7165
2026-05-21,THB,43.7909
2026-05-21,TND,3.8979
2026-05-21,TRY,61.4279
2026-05-21,USD,1.3432
2026-05-21,VND,35402.5915
2026-05-21,XOF,758.3114
2026-05-21,ZAR,22.0983
2026-05-22,AED,4.9367
2026-05-22,AUD,1.8829
2026-05-22,BGN,2.2656
2026-05-22,BRL,6.7742
2026-05-22,CAD,1.8587
2026-05-22,CHF,1.0541
2026-05-22,CNY,9.1322
2026-05-22,COP,4946.0836
2026-05-22,CZK,28.1321
2026-05-22,DKK,8.6547
2026-05-22,EUR,1.1578
2026-05-22,HKD,10.5312
2026-05-22,HUF,415.5508
2026-05-22,IDR,23787.5984
2026-05-22,ILS,3.885
2026-05-22,INR,128.6473
2026-05-22,JPY,213.9714
2026-05-22,KRW,2043.9811
2026-05-22,MKD,71.4005
2026-05-22,MXN,23.289
2026-05-22,MYR,5.3329
2026-05-22,NOK,12.4617
2026-05-22,NZD,2.297
2026-05-22,PHP,82.6338
2026-05-22,PLN,4.9095
2026-05-22,RON,6.0808
2026-05-22,SEK,12.5902
2026-05-22,SGD,1.721
2026-05-22,THB,44.0934
2026-05-22,TND,3.9356
2026-05-22,TRY,61.4187
2026-05-22,USD,1.344
2026-05-22,VND,35433.6755
2026-05-22,XOF,759.4504
2026-05-22,ZAR,22.7962
2026-05-23,AED,4.9367
2026-05-23,AUD,1.8829
2026-05-23,BGN,2.2656
2026-05-23,BRL,6.7742
2026-05-23,CAD,1.8587
2026-05-23,CHF,1.0541
2026-05-23,CNY,9.1322
2026-05-23,COP,4946.0836
2026-05-23,CZK,28.1321
2026-05-23,DKK,8.6547
2026-05-23,EUR,1.1578
2026-05-23,HKD,10.5312
2026-05-23,HUF,415.5508
2026-05-23,IDR,23787.5984
2026-05-23,ILS,3.885
2026-05-23,INR,128.6473
2026-05-23,JPY,213.9714
2026-05-23,KRW,2043.9811
2026-05-23,MKD,71.4005
2026-05-23,MXN,23.289
2026-05-23,MYR,5.3329
2026-05-23,NOK,12.4617
2026-05-23,NZD,2.297
2026-05-23,PHP,82.6338
2026-05-23,PLN,4.9095
2026-05-23,RON,6.0808
2026-05-23,SEK,12.5902
2026-05-23,SGD,1.721
2026-05-23,THB,44.0934
2026-05-23,TND,3.9356
2026-05-23,TRY,61.4187
2026-05-23,USD,1.344
2026-05-23,VND,35433.6755
2026-05-23,XOF,759.4504
2026-05-23,ZAR,22.7962
2026-05-24,AED,4.9514
2026-05-24,AUD,1.8837
2026-05-24,BGN,2.2647
2026-05-24,BRL,6.784
2026-05-24,CAD,1.861
2026-05-24,CHF,1.0547
2026-05-24,CNY,9.1606
2026-05-24,COP,4947.6159
2026-05-24,CZK,28.1274
2026-05-24,DKK,8.6533
2026-05-24,EUR,1.1579
2026-05-24,HKD,10.5633
2026-05-24,HUF,414.3987
2026-05-24,IDR,23861.5195
2026-05-24,ILS,3.8975
2026-05-24,INR,129.0471
2026-05-24,JPY,214.3003
2026-05-24,KRW,2040.8663
2026-05-24,MKD,71.3931
2026-05-24,MXN,23.2699
2026-05-24,MYR,5.3494
2026-05-24,NOK,12.4903
2026-05-24,NZD,2.2958
2026-05-24,PHP,83.0234
2026-05-24,PLN,4.907
2026-05-24,RON,6.0749
2026-05-24,SEK,12.5593
2026-05-24,SGD,1.722
2026-05-24,THB,43.8696
2026-05-24,TND,3.9324
2026-05-24,TRY,61.654
2026-05-24,USD,1.3482
2026-05-24,VND,35543.7872
2026-05-24,XOF,759.54
2026-05-24,ZAR,22.0511
2026-05-25,AED,4.9562
2026-05-25,AUD,1.8826
2026-05-25,BGN,2.2682
2026-05-25,BRL,6.7645
2026-05-25,CAD,1.8632
2026-05-25,CHF,1.057
2026-05-25,CNY,9.1698
2026-05-25,COP,4974.5441
2026-05-25,CZK,28.1348
2026-05-25,DKK,8.6655
2026-05-25,EUR,1.1598
2026-05-25,HKD,10.5729
2026-05-25,HUF,413.6762
2026-05-25,IDR,23987.6299
2026-05-25,ILS,3.8878
2026-05-25,INR,128.5481
2026-05-25,JPY,214.5174
2026-05-25,KRW,2045.6626
2026-05-25,MKD,71.4793
2026-05-25,MXN,23.3379
2026-05-25,MYR,5.3342
2026-05-25,NOK,12.4821
2026-05-25,NZD,2.3026
2026-05-25,PHP,82.889
2026-05-25,PLN,4.9076
2026-05-25,RON,6.0723
2026-05-25,SEK,12.5511
2026-05-25,SGD,1.724
2026-05-25,THB,43.9121
2026-05-25,TND,3.9449
2026-05-25,TRY,61.9477
2026-05-25,USD,1.3495
2026-05-25,VND,35570.4813
2026-05-25,XOF,760.7694
2026-05-25,ZAR,22.0144
2026-05-26,AED,4.9412
2026-05-26,AUD,1.8764
2026-05-26,BGN,2.2612
2026-05-26,BRL,6.7892
2026-05-26,CAD,1.8579
2026-05-26,CHF,1.0564
2026-05-26,CNY,9.131
2026-05-26,COP,4899.5647
2026-05-26,CZK,28.054
2026-05-26,DKK,8.6397
2026-05-26,EUR,1.1563
2026-05-26,HKD,10.5432
2026-05-26,HUF,411.6146
2026-05-26,IDR,24017.6628
2026-05-26,ILS,3.8234
2026-05-26,INR,129.2488
2026-05-26,JPY,214.272
2026-05-26,KRW,2027.4392
2026-05-26,MKD,71.2746
2026-05-26,MXN,23.2754
2026-05-26,MYR,5.3342
2026-05-26,NOK,12.4644
2026-05-26,NZD,2.3036
2026-05-26,PHP,82.8634
2026-05-26,PLN,4.8979
2026-05-26,RON,6.0566
2026-05-26,SEK,12.503
2026-05-26,SGD,1.718
2026-05-26,THB,43.9361
2026-05-26,TND,3.8917
2026-05-26,TRY,61.7553
2026-05-26,USD,1.3455
2026-05-26,VND,35444.4012
2026-05-26,XOF,758.4511
2026-05-26,ZAR,22.0146
2026-05-27,AED,4.9271
2026-05-27,AUD,1.8807
2026-05-27,BGN,2.2584
2026-05-27,BRL,6.8079
2026-05-27,CAD,1.8576
2026-05-27,CHF,1.0571
2026-05-27,CNY,9.0949
2026-05-27,COP,4932.2553
2026-05-27,CZK,28.0502
2026-05-27,DKK,8.6297
2026-05-27,EUR,1.1548
2026-05-27,HKD,10.5104
2026-05-27,HUF,409.7071
2026-05-27,IDR,23893.5489
2026-05-27,ILS,3.7927
2026-05-27,INR,128.9843
2026-05-27,JPY,214.0852
2026-05-27,KRW,2016.9319
2026-05-27,MKD,71.1044
2026-05-27,MXN,23.3269
2026-05-27,MYR,5.323
2026-05-27,NOK,12.4523
2026-05-27,NZD,2.2769
2026-05-27,PHP,82.4488
2026-05-27,PLN,4.8901
2026-05-27,RON,6.0568
2026-05-27,SEK,12.4831
2026-05-27,SGD,1.7145
2026-05-27,THB,43.7993
2026-05-27,TND,3.9247
2026-05-27,TRY,61.5779
2026-05-27,USD,1.3416
2026-05-27,VND,35343.0656
2026-05-27,XOF,757.5253
2026-05-27,ZAR,21.978
2026-05-28,AED,4.9375
2026-05-28,AUD,1.8769
2026-05-28,BGN,2.2567
2026-05-28,BRL,6.7937
2026-05-28,CAD,1.8531
2026-05-28,CHF,1.0538
2026-05-28,CNY,9.1149
2026-05-28,COP,4854.9769
2026-05-28,CZK,28.0154
2026-05-28,DKK,8.6221
2026-05-28,EUR,1.1538
2026-05-28,HKD,10.5321
2026-05-28,HUF,409.1207
2026-05-28,IDR,23986.4442
2026-05-28,ILS,3.7946
2026-05-28,INR,128.846
2026-05-28,JPY,214.1306
2026-05-28,KRW,2011.3704
2026-05-28,MKD,71.1311
2026-05-28,MXN,23.2742
2026-05-28,MYR,5.3487
2026-05-28,NOK,12.4346
2026-05-28,NZD,2.2614
2026-05-28,PHP,82.5016
2026-05-28,PLN,4.8774
2026-05-28,RON,6.0527
2026-05-28,SEK,12.4413
2026-05-28,SGD,1.7157
2026-05-28,THB,43.8146
2026-05-28,TND,3.931
2026-05-28,TRY,61.7054
2026-05-28,USD,1.3444
2026-05-28,VND,35398.6361
2026-05-28,XOF,756.8299
2026-05-28,ZAR,21.8132
2026-05-29,AED,4.9426
2026-05-29,AUD,1.8704
2026-05-29,BGN,2.2567
2026-05-29,BRL,6.8009
2026-05-29,CAD,1.8573
2026-05-29,CHF,1.0511
2026-05-29,CNY,9.1049
2026-05-29,COP,4889.8896
2026-05-29,CZK,28.021
2026-05-29,DKK,8.6259
2026-05-29,EUR,1.1538
2026-05-29,HKD,10.5455
2026-05-29,HUF,408.38
2026-05-29,IDR,23981.4618
2026-05-29,ILS,3.7702
2026-05-29,INR,127.8543
2026-05-29,JPY,214.3825
2026-05-29,KRW,2028.4303
2026-05-29,MKD,71.1134
2026-05-29,MXN,23.3526
2026-05-29,MYR,5.3411
2026-05-29,NOK,12.4514
2026-05-29,NZD,2.2483
2026-05-29,PHP,82.7611
2026-05-29,PLN,4.8832
2026-05-29,RON,6.0607
2026-05-29,SEK,12.4352
2026-05-29,SGD,1.7182
2026-05-29,THB,43.9234
2026-05-29,TND,3.8942
2026-05-29,TRY,61.7002
2026-05-29,USD,1.3456
2026-05-29,VND,35410.5216
2026-05-29,XOF,756.8308
2026-05-29,ZAR,21.8283
2026-05-30,AED,4.9426
2026-05-30,AUD,1.8704
2026-05-30,BGN,2.2567
2026-05-30,BRL,6.8009
2026-05-30,CAD,1.8573
2026-05-30,CHF,1.0511
2026-05-30,CNY,9.1049
2026-05-30,COP,4889.8896
2026-05-30,CZK,28.021
2026-05-30,DKK,8.6259
2026-05-30,EUR,1.1538
2026-05-30,HKD,10.5455
2026-05-30,HUF,408.38
2026-05-30,IDR,23981.4618
2026-05-30,ILS,3.7702
2026-05-30,INR,127.8543
2026-05-30,JPY,214.3825
2026-05-30,KRW,2028.4303
2026-05-30,MKD,71.1134
2026-05-30,MXN,23.3526
2026-05-30,MYR,5.3411
2026-05-30,NOK,12.4514
2026-05-30,NZD,2.2483
2026-05-30,PHP,82.7611
2026-05-30,PLN,4.8832
2026-05-30,RON,6.0607
2026-05-30,SEK,12.4352
2026-05-30,SGD,1.7182
2026-05-30,THB,43.9234
2026-05-30,TND,3.8942
2026-05-30,TRY,61.7002
2026-05-30,USD,1.3456
2026-05-30,VND,35410.5216
2026-05-30,XOF,756.8308
2026-05-30,ZAR,21.8283
2026-05-31,AED,4.9405
2026-05-31,AUD,1.8736
2026-05-31,BGN,2.2582
2026-05-31,BRL,6.7797
2026-05-31,CAD,1.8559
2026-05-31,CHF,1.0518
2026-05-31,CNY,9.1023
2026-05-31,COP,4894.2193
2026-05-31,CZK,28.0423
2026-05-31,DKK,8.6307
2026-05-31,EUR,1.1548
2026-05-31,HKD,10.5414
2026-05-31,HUF,408.7786
2026-05-31,IDR,23974.7838
2026-05-31,ILS,3.7694
2026-05-31,INR,127.8164
2026-05-31,JPY,214.3782
2026-05-31,KRW,2028.3853
2026-05-31,MKD,71.0936
2026-05-31,MXN,23.3455
2026-05-31,MYR,5.3412
2026-05-31,NOK,12.4381
2026-05-31,NZD,2.2495
2026-05-31,PHP,82.7433
2026-05-31,PLN,4.8865
2026-05-31,RON,6.0643
2026-05-31,SEK,12.4425
2026-05-31,SGD,1.7177
2026-05-31,THB,43.962
2026-05-31,TND,3.9014
2026-05-31,TRY,61.7511
2026-05-31,USD,1.3452
2026-05-31,VND,35400.6611
2026-05-31,XOF,757.4935
2026-05-31,ZAR,21.8559
2026-06-01,AED,4.943
2026-06-01,AUD,1.8788
2026-06-01,BGN,2.2625
2026-06-01,BRL,6.7837
2026-06-01,CAD,1.863
2026-06-01,CHF,1.0583
2026-06-01,CNY,9.1059
2026-06-01,COP,4972.3041
2026-06-01,CZK,28.0871
2026-06-01,DKK,8.6451
2026-06-01,EUR,1.1567
2026-06-01,HKD,10.5487
2026-06-01,HUF,410.7548
2026-06-01,IDR,24052.0549
2026-06-01,ILS,3.7978
2026-06-01,INR,128.6081
2026-06-01,JPY,214.8749
2026-06-01,KRW,2034.2986
2026-06-01,MKD,71.3066
2026-06-01,MXN,23.3594
2026-06-01,MYR,5.3364
2026-06-01,NOK,12.4833
2026-06-01,NZD,2.2678
2026-06-01,PHP,83.2533
2026-06-01,PLN,4.9008
2026-06-01,RON,6.0681
2026-06-01,SEK,12.5342
2026-06-01,SGD,1.7209
2026-06-01,THB,43.8814
2026-06-01,TND,3.9319
2026-06-01,TRY,61.8203
2026-06-01,USD,1.346
2026-06-01,VND,35429.139
2026-06-01,XOF,758.7236
2026-06-01,ZAR,21.938
2026-06-02,AED,4.9408
2026-06-02,AUD,1.8753
2026-06-02,BGN,2.2641
2026-06-02,BRL,6.7566
2026-06-02,CAD,1.8627
2026-06-02,CHF,1.0606
2026-06-02,CNY,9.098
2026-06-02,COP,4790.9425
2026-06-02,CZK,28.013
2026-06-02,DKK,8.6505
2026-06-02,EUR,1.1576
2026-06-02,HKD,10.5431
2026-06-02,HUF,410.8637
2026-06-02,IDR,24032.5932
2026-06-02,ILS,3.8299
2026-06-02,INR,128.4986
2026-06-02,JPY,215.2235
2026-06-02,KRW,2041.6799
2026-06-02,MKD,71.356
2026-06-02,MXN,23.2755
2026-06-02,MYR,5.3391
2026-06-02,NOK,12.497
2026-06-02,NZD,2.272
2026-06-02,PHP,83.0677
2026-06-02,PLN,4.9043
2026-06-02,RON,6.0832
2026-06-02,SEK,12.5538
2026-06-02,SGD,1.7223
2026-06-02,THB,43.9894
2026-06-02,TND,3.9196
2026-06-02,TRY,61.8233
2026-06-02,USD,1.3453
2026-06-02,VND,35431.7769
2026-06-02,XOF,759.3566
2026-06-02,ZAR,21.8599
2026-06-03,AED,4.9314
2026-06-03,AUD,1.8822
2026-06-03,BGN,2.2622
2026-06-03,BRL,6.8199
2026-06-03,CAD,1.8657
2026-06-03,CHF,1.0622
2026-06-03,CNY,9.09
2026-06-03,COP,4808.5721
2026-06-03,CZK,28.0025
2026-06-03,DKK,8.6434
2026-06-03,EUR,1.1565
2026-06-03,HKD,10.5223
2026-06-03,HUF,411.8494
2026-06-03,IDR,24220.6667
2026-06-03,ILS,3.8562
2026-06-03,INR,129.1294
2026-06-03,JPY,214.7669
2026-06-03,KRW,2054.3952
2026-06-03,MKD,71.3029
2026-06-03,MXN,23.2685
2026-06-03,MYR,5.3666
2026-06-03,NOK,12.5124
2026-06-03,NZD,2.2874
2026-06-03,PHP,83.0115
2026-06-03,PLN,4.9076
2026-06-03,RON,6.08
2026-06-03,SEK,12.611
2026-06-03,SGD,1.7228
2026-06-03,THB,43.9118
2026-06-03,TND,3.8981
2026-06-03,TRY,61.7401
2026-06-03,USD,1.3428
2026-06-03,VND,35373.9136
2026-06-03,XOF,758.6448
2026-06-03,ZAR,21.947
2026-06-04,AED,4.9296
2026-06-04,AUD,1.8829
2026-06-04,BGN,2.2607
2026-06-04,BRL,6.795
2026-06-04,CAD,1.8669
2026-06-04,CHF,1.0594
2026-06-04,CNY,9.0927
2026-06-04,COP,4793.1045
2026-06-04,CZK,27.9667
2026-06-04,DKK,8.6398
2026-06-04,EUR,1.1559
2026-06-04,HKD,10.516
2026-06-04,HUF,409.2655
2026-06-04,IDR,24233.777
2026-06-04,ILS,3.8821
2026-06-04,INR,128.7935
2026-06-04,JPY,214.766
2026-06-04,KRW,2059.2613
2026-06-04,MKD,71.2443
2026-06-04,MXN,23.1985
2026-06-04,MYR,5.3879
2026-06-04,NOK,12.537
2026-06-04,NZD,2.2871
2026-06-04,PHP,82.5252
2026-06-04,PLN,4.8986
2026-06-04,RON,6.0768
2026-06-04,SEK,12.5889
2026-06-04,SGD,1.7246
2026-06-04,THB,43.868
2026-06-04,TND,3.9291
2026-06-04,TRY,61.8398
2026-06-04,USD,1.3423
2026-06-04,VND,35351.828
2026-06-04,XOF,758.2338
2026-06-04,ZAR,21.9099
2026-06-05,AED,4.9009
2026-06-05,AUD,1.8918
2026-06-05,BGN,2.2648
2026-06-05,BRL,6.9098
2026-06-05,CAD,1.859
2026-06-05,CHF,1.0626
2026-06-05,CNY,9.0417
2026-06-05,COP,4799.9833
2026-06-05,CZK,28.0228
2026-06-05,DKK,8.6553
2026-06-05,EUR,1.1579
2026-06-05,HKD,10.4532
2026-06-05,HUF,411.6975
2026-06-05,IDR,24145.8446
2026-06-05,ILS,3.91
2026-06-05,INR,127.2506
2026-06-05,JPY,213.8952
2026-06-05,KRW,2080.649
2026-06-05,MKD,70.8537
2026-06-05,MXN,23.3141
2026-06-05,MYR,5.3766
2026-06-05,NOK,12.6303
2026-06-05,NZD,2.3021
2026-06-05,PHP,82.4577
2026-06-05,PLN,4.9137
2026-06-05,RON,6.064
2026-06-05,SEK,12.6293
2026-06-05,SGD,1.7227
2026-06-05,THB,43.9556
2026-06-05,TND,3.8928
2026-06-05,TRY,61.4612
2026-06-05,USD,1.3343
2026-06-05,VND,35131.6316
2026-06-05,XOF,759.5618
2026-06-05,ZAR,22.1067
2026-06-06,AED,4.9009
2026-06-06,AUD,1.8918
2026-06-06,BGN,2.2648
2026-06-06,BRL,6.9098
2026-06-06,CAD,1.859
2026-06-06,CHF,1.0626
2026-06-06,CNY,9.0417
2026-06-06,COP,4799.9833
2026-06-06,CZK,28.0228
2026-06-06,DKK,8.6553
2026-06-06,EUR,1.1579
2026-06-06,HKD,10.4532
2026-06-06,HUF,411.6975
2026-06-06,IDR,24145.8446
2026-06-06,ILS,3.91
2026-06-06,INR,127.2506
2026-06-06,JPY,213.8952
2026-06-06,KRW,2080.649
2026-06-06,MKD,70.8537
2026-06-06,MXN,23.3141
2026-06-06,MYR,5.3766
2026-06-06,NOK,12.6303
2026-06-06,NZD,2.3021
2026-06-06,PHP,82.4577
2026-06-06,PLN,4.9137
2026-06-06,RON,6.064
2026-06-06,SEK,12.6293
2026-06-06,SGD,1.7227
2026-06-06,THB,43.9556
2026-06-06,TND,3.8928
2026-06-06,TRY,61.4612
2026-06-06,USD,1.3343
2026-06-06,VND,35131.6316
2026-06-06,XOF,759.5618
2026-06-06,ZAR,22.1067
2026-06-07,AED,4.8972
2026-06-07,AUD,1.8934
2026-06-07,BGN,2.2637
2026-06-07,BRL,6.9052
2026-06-07,CAD,1.8596
2026-06-07,CHF,1.0621
2026-06-07,CNY,9.0381
2026-06-07,COP,4797.9339
2026-06-07,CZK,27.9987
2026-06-07,DKK,8.6494
2026-06-07,EUR,1.1573
2026-06-07,HKD,10.4468
2026-06-07,HUF,411.5561
2026-06-07,IDR,24051.9803
2026-06-07,ILS,3.9072
2026-06-07,INR,126.611
2026-06-07,JPY,213.7974
2026-06-07,KRW,2073.8142
2026-06-07,MKD,71.3674
2026-06-07,MXN,23.2932
2026-06-07,MYR,5.4004
2026-06-07,NOK,12.6146
2026-06-07,NZD,2.301
2026-06-07,PHP,82.3561
2026-06-07,PLN,4.9157
2026-06-07,RON,6.0726
2026-06-07,SEK,12.625
2026-06-07,SGD,1.7215
2026-06-07,THB,43.9386
2026-06-07,TND,3.892
2026-06-07,TRY,61.4666
2026-06-07,USD,1.3334
2026-06-07,VND,35109.0519
2026-06-07,XOF,759.1341
2026-06-07,ZAR,22.0881
2026-06-08,AED,4.8965
2026-06-08,AUD,1.8945
2026-06-08,BGN,2.2618
2026-06-08,BRL,6.9384
2026-06-08,CAD,1.861
2026-06-08,CHF,1.0642
2026-06-08,CNY,9.032
2026-06-08,COP,4785.9669
2026-06-08,CZK,27.9832
2026-06-08,DKK,8.644
2026-06-08,EUR,1.1565
2026-06-08,HKD,10.4479
2026-06-08,HUF,411.6748
2026-06-08,IDR,24250.1759
2026-06-08,ILS,3.9052
2026-06-08,INR,127.579
2026-06-08,JPY,213.5748
2026-06-08,KRW,2039.6443
2026-06-08,MKD,71.2733
2026-06-08,MXN,23.294
2026-06-08,MYR,5.4162
2026-06-08,NOK,12.6318
2026-06-08,NZD,2.2976
2026-06-08,PHP,82.2211
2026-06-08,PLN,4.9066
2026-06-08,RON,6.0629
2026-06-08,SEK,12.5928
2026-06-08,SGD,1.7185
2026-06-08,THB,43.8381
2026-06-08,TND,3.8915
2026-06-08,TRY,61.4772
2026-06-08,USD,1.3333
2026-06-08,VND,35123.1473
2026-06-08,XOF,758.6416
2026-06-08,ZAR,22.0406
2026-06-09,AED,4.9102
2026-06-09,AUD,1.9039
2026-06-09,BGN,2.2669
2026-06-09,BRL,6.9413
2026-06-09,CAD,1.8658
2026-06-09,CHF,1.0687
2026-06-09,CNY,9.0567
2026-06-09,COP,4834.6345
2026-06-09,CZK,28.0019
2026-06-09,DKK,8.6638
2026-06-09,EUR,1.1592
2026-06-09,HKD,10.4789
2026-06-09,HUF,412.4919
2026-06-09,IDR,24116.4892
2026-06-09,ILS,3.9383
2026-06-09,INR,127.4987
2026-06-09,JPY,214.4489
2026-06-09,KRW,2040.5014
2026-06-09,MKD,71.4239
2026-06-09,MXN,23.3422
2026-06-09,MYR,5.4311
2026-06-09,NOK,12.7217
2026-06-09,NZD,2.3026
2026-06-09,PHP,82.5676
2026-06-09,PLN,4.9174
2026-06-09,RON,6.0719
2026-06-09,SEK,12.6823
2026-06-09,SGD,1.7214
2026-06-09,THB,44.0442
2026-06-09,TND,3.9285
2026-06-09,TRY,61.6709
2026-06-09,USD,1.337
2026-06-09,VND,35203.2164
2026-06-09,XOF,760.3823
2026-06-09,ZAR,22.1196
2026-06-10,AED,4.907
2026-06-10,AUD,1.9105
2026-06-10,BGN,2.2652
2026-06-10,BRL,6.9395
2026-06-10,CAD,1.8636
2026-06-10,CHF,1.0689
2026-06-10,CNY,9.0495
2026-06-10,COP,4774.1998
2026-06-10,CZK,28.0205
2026-06-10,DKK,8.6578
2026-06-10,EUR,1.1583
2026-06-10,HKD,10.4702
2026-06-10,HUF,412.698
2026-06-10,IDR,23915.4339
2026-06-10,ILS,3.9663
2026-06-10,INR,127.7961
2026-06-10,JPY,214.5018
2026-06-10,KRW,2038.0648
2026-06-10,MKD,71.4078
2026-06-10,MXN,23.28
2026-06-10,MYR,5.4371
2026-06-10,NOK,12.6533
2026-06-10,NZD,2.3063
2026-06-10,PHP,82.0366
2026-06-10,PLN,4.9257
2026-06-10,RON,6.0644
2026-06-10,SEK,12.7227
2026-06-10,SGD,1.7212
2026-06-10,THB,44.0925
2026-06-10,TND,3.926
2026-06-10,TRY,61.668
2026-06-10,USD,1.3362
2026-06-10,VND,35171.2369
2026-06-10,XOF,759.8094
2026-06-10,ZAR,22.1669
2026-06-11,AED,4.9261
2026-06-11,AUD,1.9034
2026-06-11,BGN,2.2662
2026-06-11,BRL,6.8612
2026-06-11,CAD,1.8743
2026-06-11,CHF,1.0666
2026-06-11,CNY,9.0893
2026-06-11,COP,4740.6066
2026-06-11,CZK,28.0008
2026-06-11,DKK,8.6617
2026-06-11,EUR,1.1589
2026-06-11,HKD,10.5108
2026-06-11,HUF,410.6976
2026-06-11,IDR,24047.2325
2026-06-11,ILS,3.9751
2026-06-11,INR,128.4485
2026-06-11,JPY,214.814
2026-06-11,KRW,2036.7066
2026-06-11,MKD,71.4765
2026-06-11,MXN,23.1363
2026-06-11,MYR,5.4515
2026-06-11,NOK,12.7328
2026-06-11,NZD,2.3001
2026-06-11,PHP,81.83
2026-06-11,PLN,4.9241
2026-06-11,RON,6.0678
2026-06-11,SEK,12.6728
2026-06-11,SGD,1.7226
2026-06-11,THB,43.9215
2026-06-11,TND,3.9375
2026-06-11,TRY,62.0391
2026-06-11,USD,1.3414
2026-06-11,VND,35317.3942
2026-06-11,XOF,760.1983
2026-06-11,ZAR,21.8509
2026-06-12,AED,4.9248
2026-06-12,AUD,1.9035
2026-06-12,BGN,2.2671
2026-06-12,BRL,6.8055
2026-06-12,CAD,1.8767
2026-06-12,CHF,1.0686
2026-06-12,CNY,9.0737
2026-06-12,COP,4683.2019
2026-06-12,CZK,27.9888
2026-06-12,DKK,8.663
2026-06-12,EUR,1.1585
2026-06-12,HKD,10.5066
2026-06-12,HUF,407.9387
2026-06-12,IDR,23836.4569
2026-06-12,ILS,3.9164
2026-06-12,INR,127.7621
2026-06-12,JPY,214.854
2026-06-12,KRW,2034.0434
2026-06-12,MKD,71.4235
2026-06-12,MXN,23.0925
2026-06-12,MYR,5.4404
2026-06-12,NOK,12.7343
2026-06-12,NZD,2.2994
2026-06-12,PHP,81.4818
2026-06-12,PLN,4.9205
2026-06-12,RON,6.0686
2026-06-12,SEK,12.686
2026-06-12,SGD,1.7221
2026-06-12,THB,44.0493
2026-06-12,TND,3.9135
2026-06-12,TRY,61.9886
2026-06-12,USD,1.3408
2026-06-12,VND,35274.9461
2026-06-12,XOF,759.9317
2026-06-12,ZAR,21.8729
2026-06-13,AED,4.9248
2026-06-13,AUD,1.9035
2026-06-13,BGN,2.2671
2026-06-13,BRL,6.8055
2026-06-13,CAD,1.8767
2026-06-13,CHF,1.0686
2026-06-13,CNY,9.0737
2026-06-13,COP,4683.2019
2026-06-13,CZK,27.9888
2026-06-13,DKK,8.663
2026-06-13,EUR,1.1585
2026-06-13,HKD,10.5066
2026-06-13,HUF,407.9387
2026-06-13,IDR,23836.4569
2026-06-13,ILS,3.9164
2026-06-13,INR,127.7621
2026-06-13,JPY,214.854
2026-06-13,KRW,2034.0434
2026-06-13,MKD,71.4235
2026-06-13,MXN,23.0925
2026-06-13,MYR,5.4404
2026-06-13,NOK,12.7343
2026-06-13,NZD,2.2994
2026-06-13,PHP,81.4818
2026-06-13,PLN,4.9205
2026-06-13,RON,6.0686
2026-06-13,SEK,12.686
2026-06-13,SGD,1.7221
2026-06-13,THB,44.0493
2026-06-13,TND,3.9135
2026-06-13,TRY,61.9886
2026-06-13,USD,1.3408
2026-06-13,VND,35274.9461
2026-06-13,XOF,759.9317
2026-06-13,ZAR,21.8729
2026-06-14,AED,4.9393
2026-06-14,AUD,1.901
2026-06-14,BGN,2.2665
2026-06-14,BRL,6.8089
2026-06-14,CAD,1.878
2026-06-14,CHF,1.0679
2026-06-14,CNY,9.107
2026-06-14,COP,4686.4379
2026-06-14,CZK,27.9824
2026-06-14,DKK,8.6638
2026-06-14,EUR,1.1591
2026-06-14,HKD,10.5373
2026-06-14,HUF,407.3719
2026-06-14,IDR,23909.5812
2026-06-14,ILS,3.9283
2026-06-14,INR,127.9155
2026-06-14,JPY,215.157
2026-06-14,KRW,2031.4693
2026-06-14,MKD,71.623
2026-06-14,MXN,23.0905
2026-06-14,MYR,5.4403
2026-06-14,NOK,12.7751
2026-06-14,NZD,2.2975
2026-06-14,PHP,82.5239
2026-06-14,PLN,4.9171
2026-06-14,RON,6.0767
2026-06-14,SEK,12.6289
2026-06-14,SGD,1.7232
2026-06-14,THB,43.898
2026-06-14,TND,3.9334
2026-06-14,TRY,62.2375
2026-06-14,USD,1.3449
2026-06-14,VND,35383.1607
2026-06-14,XOF,760.3281
2026-06-14,ZAR,21.7527
2026-06-15,AED,4.9269
2026-06-15,AUD,1.8967
2026-06-15,BGN,2.2635
2026-06-15,BRL,6.8105
2026-06-15,CAD,1.8772
2026-06-15,CHF,1.066
2026-06-15,CNY,9.0677
2026-06-15,COP,4644.7889
2026-06-15,CZK,27.9422
2026-06-15,DKK,8.6504
2026-06-15,EUR,1.1574
2026-06-15,HKD,10.5102
2026-06-15,HUF,405.6515
2026-06-15,IDR,23773.7795
2026-06-15,ILS,3.8936
2026-06-15,INR,127.1014
2026-06-15,JPY,214.9672
2026-06-15,KRW,2031.3039
2026-06-15,MKD,71.3613
2026-06-15,MXN,23.0955
2026-06-15,MYR,5.4336
2026-06-15,NOK,12.7919
2026-06-15,NZD,2.3026
2026-06-15,PHP,81.0574
2026-06-15,PLN,4.9201
2026-06-15,RON,6.0587
2026-06-15,SEK,12.6113
2026-06-15,SGD,1.721
2026-06-15,THB,43.6676
2026-06-15,TND,3.9266
2026-06-15,TRY,62.0996
2026-06-15,USD,1.3416
2026-06-15,VND,35266.9395
2026-06-15,XOF,759.1756
2026-06-15,ZAR,21.7315
2026-06-16,AED,4.9305
2026-06-16,AUD,1.9001
2026-06-16,BGN,2.2613
2026-06-16,BRL,6.8516
2026-06-16,CAD,1.8791
2026-06-16,CHF,1.0649
2026-06-16,CNY,9.0722
2026-06-16,COP,4606.3124
2026-06-16,CZK,27.9244
2026-06-16,DKK,8.6435
2026-06-16,EUR,1.1564
2026-06-16,HKD,10.5162
2026-06-16,HUF,404.0691
2026-06-16,IDR,23812.625
2026-06-16,ILS,3.9144
2026-06-16,INR,126.9729
2026-06-16,JPY,215.3941
2026-06-16,KRW,2029.4094
2026-06-16,MKD,71.2848
2026-06-16,MXN,23.1085
2026-06-16,MYR,5.4627
2026-06-16,NOK,12.7188
2026-06-16,NZD,2.3026
2026-06-16,PHP,80.8249
2026-06-16,PLN,4.9018
2026-06-16,RON,6.0479
2026-06-16,SEK,12.5748
2026-06-16,SGD,1.7216
2026-06-16,THB,43.6405
2026-06-16,TND,3.9137
2026-06-16,TRY,62.1743
2026-06-16,USD,1.3426
2026-06-16,VND,35311.8306
2026-06-16,XOF,758.5318
2026-06-16,ZAR,21.7386
2026-06-17,AED,4.8841
2026-06-17,AUD,1.8951
2026-06-17,BGN,2.2606
2026-06-17,BRL,6.8138
2026-06-17,CAD,1.8754
2026-06-17,CHF,1.0633
2026-06-17,CNY,8.9868
2026-06-17,COP,4584.6536
2026-06-17,CZK,27.9058
2026-06-17,DKK,8.6397
2026-06-17,EUR,1.1558
2026-06-17,HKD,10.4202
2026-06-17,HUF,406.2264
2026-06-17,IDR,23790.9898
2026-06-17,ILS,3.8936
2026-06-17,INR,126.1547
2026-06-17,JPY,213.6127
2026-06-17,KRW,2029.6629
2026-06-17,MKD,70.9598
2026-06-17,MXN,23.0095
2026-06-17,MYR,5.4211
2026-06-17,NOK,12.7867
2026-06-17,NZD,2.3034
2026-06-17,PHP,80.561
2026-06-17,PLN,4.9075
2026-06-17,RON,6.0505
2026-06-17,SEK,12.6535
2026-06-17,SGD,1.7131
2026-06-17,THB,43.4996
2026-06-17,TND,3.8935
2026-06-17,TRY,61.7762
2026-06-17,USD,1.3299
2026-06-17,VND,35007.0105
2026-06-17,XOF,758.1802
2026-06-17,ZAR,21.7738
2026-06-18,AED,4.8479
2026-06-18,AUD,1.8822
2026-06-18,BGN,2.2531
2026-06-18,BRL,6.8428
2026-06-18,CAD,1.8667
2026-06-18,CHF,1.0624
2026-06-18,CNY,8.9358
2026-06-18,COP,4551.8789
2026-06-18,CZK,27.894
2026-06-18,DKK,8.611
2026-06-18,EUR,1.1521
2026-06-18,HKD,10.3453
2026-06-18,HUF,406.1639
2026-06-18,IDR,23584.8647
2026-06-18,ILS,3.8802
2026-06-18,INR,124.5334
2026-06-18,JPY,212.9424
2026-06-18,KRW,2030.0263
2026-06-18,MKD,71.0028
2026-06-18,MXN,22.9145
2026-06-18,MYR,5.4353
2026-06-18,NOK,12.8625
2026-06-18,NZD,2.2937
2026-06-18,PHP,79.9947
2026-06-18,PLN,4.9059
2026-06-18,RON,6.0322
2026-06-18,SEK,12.6565
2026-06-18,SGD,1.7036
2026-06-18,THB,43.2845
2026-06-18,TND,3.8868
2026-06-18,TRY,61.298
2026-06-18,USD,1.32
2026-06-18,VND,34756.316
2026-06-18,XOF,755.7321
2026-06-18,ZAR,21.7079
2026-06-19,AED,4.8614
2026-06-19,AUD,1.8879
2026-06-19,BGN,2.256
2026-06-19,BRL,6.8161
2026-06-19,CAD,1.8731
2026-06-19,CHF,1.0682
2026-06-19,CNY,8.9598
2026-06-19,COP,4569.7585
2026-06-19,CZK,27.9206
2026-06-19,DKK,8.6265
2026-06-19,EUR,1.1541
2026-06-19,HKD,10.3723
2026-06-19,HUF,405.9749
2026-06-19,IDR,23546.3288
2026-06-19,ILS,3.9136
2026-06-19,INR,124.8906
2026-06-19,JPY,213.5002
2026-06-19,KRW,2019.4064
2026-06-19,MKD,71.102
2026-06-19,MXN,22.9446
2026-06-19,MYR,5.4767
2026-06-19,NOK,12.8335
2026-06-19,NZD,2.3063
2026-06-19,PHP,80.2687
2026-06-19,PLN,4.9157
2026-06-19,RON,6.0449
2026-06-19,SEK,12.6888
2026-06-19,SGD,1.7089
2026-06-19,THB,43.5312
2026-06-19,TND,3.8538
2026-06-19,TRY,61.4633
2026-06-19,USD,1.3235
2026-06-19,VND,34839.1456
2026-06-19,XOF,757.0175
2026-06-19,ZAR,21.732
2026-06-20,AED,4.8614
2026-06-20,AUD,1.8879
2026-06-20,BGN,2.256
2026-06-20,BRL,6.8161
2026-06-20,CAD,1.8731
2026-06-20,CHF,1.0682
2026-06-20,CNY,8.9598
2026-06-20,COP,4569.7585
2026-06-20,CZK,27.9206
2026-06-20,DKK,8.6265
2026-06-20,EUR,1.1541
2026-06-20,HKD,10.3723
2026-06-20,HUF,405.9749
2026-06-20,IDR,23546.3288
2026-06-20,ILS,3.9136
2026-06-20,INR,124.8906
2026-06-20,JPY,213.5002
2026-06-20,KRW,2019.4064
2026-06-20,MKD,71.102
2026-06-20,MXN,22.9446
2026-06-20,MYR,5.4767
2026-06-20,NOK,12.8335
2026-06-20,NZD,2.3063
2026-06-20,PHP,80.2687
2026-06-20,PLN,4.9157
2026-06-20,RON,6.0449
2026-06-20,SEK,12.6888
2026-06-20,SGD,1.7089
2026-06-20,THB,43.5312
2026-06-20,TND,3.8538
2026-06-20,TRY,61.4633
2026-06-20,USD,1.3235
2026-06-20,VND,34839.1456
2026-06-20,XOF,757.0175
2026-06-20,ZAR,21.732
2026-06-21,AED,4.85
2026-06-21,AUD,1.8863
2026-06-21,BGN,2.2539
2026-06-21,BRL,6.8049
2026-06-21,CAD,1.8721
2026-06-21,CHF,1.0672
2026-06-21,CNY,8.9401
2026-06-21,COP,4543.7145
2026-06-21,CZK,27.8799
2026-06-21,DKK,8.6126
2026-06-21,EUR,1.1523
2026-06-21,HKD,10.3498
2026-06-21,HUF,405.8771
2026-06-21,IDR,23498.7657
2026-06-21,ILS,3.9047
2026-06-21,INR,124.5758
2026-06-21,JPY,213.2109
2026-06-21,KRW,2023.7069
2026-06-21,MKD,70.9612
2026-06-21,MXN,22.9166
2026-06-21,MYR,5.4645
2026-06-21,NOK,12.8161
2026-06-21,NZD,2.3036
2026-06-21,PHP,80.0989
2026-06-21,PLN,4.9062
2026-06-21,RON,6.0431
2026-06-21,SEK,12.6716
2026-06-21,SGD,1.707
2026-06-21,THB,43.4884
2026-06-21,TND,3.8668
2026-06-21,TRY,61.3527
2026-06-21,USD,1.3206
2026-06-21,VND,34753.4376
2026-06-21,XOF,755.8295
2026-06-21,ZAR,21.7397
2026-06-22,AED,4.8652
2026-06-22,AUD,1.8941
2026-06-22,BGN,2.2676
2026-06-22,BRL,6.8331
2026-06-22,CAD,1.8759
2026-06-22,CHF,1.0716
2026-06-22,CNY,8.9752
2026-06-22,COP,4573.5224
2026-06-22,CZK,28.048
2026-06-22,DKK,8.6663
2026-06-22,EUR,1.1594
2026-06-22,HKD,10.3848
2026-06-22,HUF,408.5658
2026-06-22,IDR,23673.4544
2026-06-22,ILS,3.9363
2026-06-22,INR,125.4565
2026-06-22,JPY,214.0539
2026-06-22,KRW,2039.169
2026-06-22,MKD,71.4578
2026-06-22,MXN,23.0098
2026-06-22,MYR,5.4966
2026-06-22,NOK,12.8458
2026-06-22,NZD,2.3202
2026-06-22,PHP,80.9558
2026-06-22,PLN,4.9554
2026-06-22,RON,6.0717
2026-06-22,SEK,12.7467
2026-06-22,SGD,1.7137
2026-06-22,THB,43.6908
2026-06-22,TND,3.9186
2026-06-22,TRY,61.5644
2026-06-22,USD,1.3248
2026-06-22,VND,34871.4533
2026-06-22,XOF,760.5383
2026-06-22,ZAR,21.7325
2026-06-23,AED,4.8476
2026-06-23,AUD,1.9089
2026-06-23,BGN,2.2683
2026-06-23,BRL,6.8623
2026-06-23,CAD,1.8757
2026-06-23,CHF,1.0688
2026-06-23,CNY,8.9634
2026-06-23,COP,4539.8795
2026-06-23,CZK,28.0835
2026-06-23,DKK,8.6705
2026-06-23,EUR,1.1599
2026-06-23,HKD,10.3496
2026-06-23,HUF,412.13
2026-06-23,IDR,23659.6157
2026-06-23,ILS,3.955
2026-06-23,INR,125.64
2026-06-23,JPY,213.3119
2026-06-23,KRW,2026.6074
2026-06-23,MKD,71.5044
2026-06-23,MXN,23.1739
2026-06-23,MYR,5.4651
2026-06-23,NOK,12.9281
2026-06-23,NZD,2.3308
2026-06-23,PHP,81.0659
2026-06-23,PLN,4.9661
2026-06-23,RON,6.0856
2026-06-23,SEK,12.8543
2026-06-23,SGD,1.7118
2026-06-23,THB,43.8798
2026-06-23,TND,3.8718
2026-06-23,TRY,61.3455
2026-06-23,USD,1.32
2026-06-23,VND,34754.3433
2026-06-23,XOF,760.8159
2026-06-23,ZAR,21.8364
2026-06-24,AED,4.8345
2026-06-24,AUD,1.9084
2026-06-24,BGN,2.2677
2026-06-24,BRL,6.8572
2026-06-24,CAD,1.8741
2026-06-24,CHF,1.0698
2026-06-24,CNY,8.9539
2026-06-24,COP,4492.895
2026-06-24,CZK,28.0946
2026-06-24,DKK,8.6671
2026-06-24,EUR,1.1594
2026-06-24,HKD,10.3198
2026-06-24,HUF,412.8463
2026-06-24,IDR,23685.1069
2026-06-24,ILS,3.9333
2026-06-24,INR,124.3238
2026-06-24,JPY,212.9544
2026-06-24,KRW,2031.6037
2026-06-24,MKD,71.452
2026-06-24,MXN,23.2018
2026-06-24,MYR,5.4469
2026-06-24,NOK,12.9705
2026-06-24,NZD,2.3327
2026-06-24,PHP,80.8241
2026-06-24,PLN,4.9712
2026-06-24,RON,6.0704
2026-06-24,SEK,12.8448
2026-06-24,SGD,1.7082
2026-06-24,THB,43.9848
2026-06-24,TND,3.8762
2026-06-24,TRY,61.2283
2026-06-24,USD,1.3164
2026-06-24,VND,34669.9563
2026-06-24,XOF,760.5353
2026-06-24,ZAR,21.8129
2026-06-25,AED,4.8429
2026-06-25,AUD,1.9112
2026-06-25,BGN,2.27
2026-06-25,BRL,6.8513
2026-06-25,CAD,1.8726
2026-06-25,CHF,1.0691
2026-06-25,CNY,8.9546
2026-06-25,COP,4512.0104
2026-06-25,CZK,28.1592
2026-06-25,DKK,8.676
2026-06-25,EUR,1.1607
2026-06-25,HKD,10.3388
2026-06-25,HUF,411.0445
2026-06-25,IDR,23738.6167
2026-06-25,ILS,3.9336
2026-06-25,INR,124.4842
2026-06-25,JPY,213.3683
2026-06-25,KRW,2040.1005
2026-06-25,MKD,71.5198
2026-06-25,MXN,23.0966
2026-06-25,MYR,5.4315
2026-06-25,NOK,13.018
2026-06-25,NZD,2.3373
2026-06-25,PHP,80.9432
2026-06-25,PLN,4.9727
2026-06-25,RON,6.0745
2026-06-25,SEK,12.8499
2026-06-25,SGD,1.7102
2026-06-25,THB,44.0182
2026-06-25,TND,3.8824
2026-06-25,TRY,61.4333
2026-06-25,USD,1.3187
2026-06-25,VND,34711.244
2026-06-25,XOF,761.3715
2026-06-25,ZAR,21.7673
2026-06-26,AED,4.8476
2026-06-26,AUD,1.9137
2026-06-26,BGN,2.2674
2026-06-26,BRL,6.8461
2026-06-26,CAD,1.8734
2026-06-26,CHF,1.0689
2026-06-26,CNY,8.9723
2026-06-26,COP,4541.1665
2026-06-26,CZK,28.1223
2026-06-26,DKK,8.6646
2026-06-26,EUR,1.159
2026-06-26,HKD,10.3497
2026-06-26,HUF,410.2858
2026-06-26,IDR,23546.8194
2026-06-26,ILS,3.9619
2026-06-26,INR,124.2971
2026-06-26,JPY,213.4703
2026-06-26,KRW,2026.6876
2026-06-26,MKD,71.4531
2026-06-26,MXN,23.1051
2026-06-26,MYR,5.3953
2026-06-26,NOK,13.1078
2026-06-26,NZD,2.3402
2026-06-26,PHP,80.8997
2026-06-26,PLN,4.9712
2026-06-26,RON,6.0745
2026-06-26,SEK,12.8485
2026-06-26,SGD,1.7072
2026-06-26,THB,44.0549
2026-06-26,TND,3.8769
2026-06-26,TRY,61.53
2026-06-26,USD,1.3198
2026-06-26,VND,34713.2885
2026-06-26,XOF,760.2837
2026-06-26,ZAR,21.7232
2026-06-27,AED,4.8476
2026-06-27,AUD,1.9137
2026-06-27,BGN,2.2674
2026-06-27,BRL,6.8461
2026-06-27,CAD,1.8734
2026-06-27,CHF,1.0689
2026-06-27,CNY,8.9723
2026-06-27,COP,4541.1665
2026-06-27,CZK,28.1223
2026-06-27,DKK,8.6646
2026-06-27,EUR,1.159
2026-06-27,HKD,10.3497
2026-06-27,HUF,410.2858
2026-06-27,IDR,23546.8194
2026-06-27,ILS,3.9619
2026-06-27,INR,124.2971
2026-06-27,JPY,213.4703
2026-06-27,KRW,2026.6876
2026-06-27,MKD,71.4531
2026-06-27,MXN,23.1051
2026-06-27,MYR,5.3953
2026-06-27,NOK,13.1078
2026-06-27,NZD,2.3402
2026-06-27,PHP,80.8997
2026-06-27,PLN,4.9712
2026-06-27,RON,6.0745
2026-06-27,SEK,12.8485
2026-06-27,SGD,1.7072
2026-06-27,THB,44.0549
2026-06-27,TND,3.8769
2026-06-27,TRY,61.53
2026-06-27,USD,1.3198
2026-06-27,VND,34713.2885
2026-06-27,XOF,760.2837
2026-06-27,ZAR,21.7232
2026-06-28,AED,4.847
2026-06-28,AUD,1.9137
2026-06-28,BGN,2.2672
2026-06-28,BRL,6.8261
2026-06-28,CAD,1.8727
2026-06-28,CHF,1.069
2026-06-28,CNY,8.9721
2026-06-28,COP,4541.0826
2026-06-28,CZK,28.1072
2026-06-28,DKK,8.6638
2026-06-28,EUR,1.1591
2026-06-28,HKD,10.35
2026-06-28,HUF,410.1252
2026-06-28,IDR,23542.1843
2026-06-28,ILS,3.962
2026-06-28,INR,124.5347
2026-06-28,JPY,213.5392
2026-06-28,KRW,2026.7435
2026-06-28,MKD,71.3891
2026-06-28,MXN,23.1043
2026-06-28,MYR,5.3952
2026-06-28,NOK,13.1131
2026-06-28,NZD,2.3397
2026-06-28,PHP,80.8969
2026-06-28,PLN,4.97
2026-06-28,RON,6.0744
2026-06-28,SEK,12.8483
2026-06-28,SGD,1.7085
2026-06-28,THB,44.1069
2026-06-28,TND,3.8922
2026-06-28,TRY,61.5278
2026-06-28,USD,1.3198
2026-06-28,VND,34712.6473
2026-06-28,XOF,760.3222
2026-06-28,ZAR,21.7402
2026-06-29,AED,4.8673
2026-06-29,AUD,1.9259
2026-06-29,BGN,2.2696
2026-06-29,BRL,6.878
2026-06-29,CAD,1.8834
2026-06-29,CHF,1.0706
2026-06-29,CNY,9.0044
2026-06-29,COP,4570.7948
2026-06-29,CZK,28.1465
2026-06-29,DKK,8.6749
2026-06-29,EUR,1.1606
2026-06-29,HKD,10.3912
2026-06-29,HUF,410.646
2026-06-29,IDR,23798.6653
2026-06-29,ILS,3.9595
2026-06-29,INR,125.6307
2026-06-29,JPY,214.6079
2026-06-29,KRW,2044.217
2026-06-29,MKD,71.5202
2026-06-29,MXN,23.1618
2026-06-29,MYR,5.3955
2026-06-29,NOK,13.1589
2026-06-29,NZD,2.3455
2026-06-29,PHP,81.035
2026-06-29,PLN,4.9774
2026-06-29,RON,6.0832
2026-06-29,SEK,12.8736
2026-06-29,SGD,1.7132
2026-06-29,THB,44.0811
2026-06-29,TND,3.909
2026-06-29,TRY,61.8199
2026-06-29,USD,1.3253
2026-06-29,VND,34840.8956
2026-06-29,XOF,761.3003
2026-06-29,ZAR,21.7655
2026-06-30,AED,4.8661
2026-06-30,AUD,1.917
2026-06-30,BGN,2.2705
2026-06-30,BRL,6.8589
2026-06-30,CAD,1.8825
2026-06-30,CHF,1.0716
2026-06-30,CNY,9.002
2026-06-30,COP,4570.2807
2026-06-30,CZK,28.1584
2026-06-30,DKK,8.6777
2026-06-30,EUR,1.161
2026-06-30,HKD,10.392
2026-06-30,HUF,412.9846
2026-06-30,IDR,23801.2533
2026-06-30,ILS,3.9486
2026-06-30,INR,125.4333
2026-06-30,JPY,215.49
2026-06-30,KRW,2053.1739
2026-06-30,MKD,71.5336
2026-06-30,MXN,23.1825
2026-06-30,MYR,5.4123
2026-06-30,NOK,13.1351
2026-06-30,NZD,2.3352
2026-06-30,PHP,81.4076
2026-06-30,PLN,4.9911
2026-06-30,RON,6.0845
2026-06-30,SEK,12.866
2026-06-30,SGD,1.7147
2026-06-30,THB,44.1013
2026-06-30,TND,3.9201
2026-06-30,TRY,61.8254
2026-06-30,USD,1.325
2026-06-30,VND,34868.8361
2026-06-30,XOF,761.5383
2026-06-30,ZAR,21.7106
2026-07-01,AED,4.8773
2026-07-01,AUD,1.9277
2026-07-01,BGN,2.2828
2026-07-01,BRL,6.9352
2026-07-01,CAD,1.8884
2026-07-01,CHF,1.0747
2026-07-01,CNY,9.0235
2026-07-01,COP,4547.3541
2026-07-01,CZK,28.2732
2026-07-01,DKK,8.7247
2026-07-01,EUR,1.1672
2026-07-01,HKD,10.417
2026-07-01,HUF,414.7203
2026-07-01,IDR,23941.8561
2026-07-01,ILS,3.9649
2026-07-01,INR,126.72
2026-07-01,JPY,215.8719
2026-07-01,KRW,2062.1328
2026-07-01,MKD,71.9409
2026-07-01,MXN,23.3162
2026-07-01,MYR,5.4317
2026-07-01,NOK,13.1665
2026-07-01,NZD,2.3402
2026-07-01,PHP,81.8733
2026-07-01,PLN,5.0101
2026-07-01,RON,6.1002
2026-07-01,SEK,12.9156
2026-07-01,SGD,1.7207
2026-07-01,THB,44.2643
2026-07-01,TND,3.9098
2026-07-01,TRY,61.9997
2026-07-01,USD,1.3281
2026-07-01,VND,34930.425
2026-07-01,XOF,765.6392
2026-07-01,ZAR,21.797
2026-07-02,AED,4.8985
2026-07-02,AUD,1.9288
2026-07-02,BGN,2.2837
2026-07-02,BRL,6.9676
2026-07-02,CAD,1.8928
2026-07-02,CHF,1.073
2026-07-02,CNY,9.0556
2026-07-02,COP,4493.3138
2026-07-02,CZK,28.2639
2026-07-02,DKK,8.7281
2026-07-02,EUR,1.1677
2026-07-02,HKD,10.4615
2026-07-02,HUF,413.6798
2026-07-02,IDR,23933.9708
2026-07-02,ILS,3.9932
2026-07-02,INR,127.4182
2026-07-02,JPY,215.3599
2026-07-02,KRW,2059.3806
2026-07-02,MKD,71.969
2026-07-02,MXN,23.3135
2026-07-02,MYR,5.4425
2026-07-02,NOK,13.1478
2026-07-02,NZD,2.3436
2026-07-02,PHP,82.0545
2026-07-02,PLN,5.0078
2026-07-02,RON,6.1126
2026-07-02,SEK,12.9235
2026-07-02,SGD,1.7244
2026-07-02,THB,44.3469
2026-07-02,TND,3.9119
2026-07-02,TRY,62.3337
2026-07-02,USD,1.3338
2026-07-02,VND,35064.148
2026-07-02,XOF,765.9805
2026-07-02,ZAR,21.6982
2026-07-03,AED,4.9032
2026-07-03,AUD,1.9237
2026-07-03,BGN,2.2832
2026-07-03,BRL,6.9242
2026-07-03,CAD,1.8959
2026-07-03,CHF,1.0727
2026-07-03,CNY,9.064
2026-07-03,COP,4493.6313
2026-07-03,CZK,28.2317
2026-07-03,DKK,8.7256
2026-07-03,EUR,1.1674
2026-07-03,HKD,10.4715
2026-07-03,HUF,412.5807
2026-07-03,IDR,24021.2809
2026-07-03,ILS,4.0035
2026-07-03,INR,127.1052
2026-07-03,JPY,215.4281
2026-07-03,KRW,2041.785
2026-07-03,MKD,71.9577
2026-07-03,MXN,23.3234
2026-07-03,MYR,5.4352
2026-07-03,NOK,13.1454
2026-07-03,NZD,2.3366
2026-07-03,PHP,82.1101
2026-07-03,PLN,5.0091
2026-07-03,RON,6.0975
2026-07-03,SEK,12.8948
2026-07-03,SGD,1.7246
2026-07-03,THB,44.2987
2026-07-03,TND,3.944
2026-07-03,TRY,62.4865
2026-07-03,USD,1.3351
2026-07-03,VND,35106.5682
2026-07-03,XOF,765.7953
2026-07-03,ZAR,21.6704
2026-07-04,AED,4.9032
2026-07-04,AUD,1.9237
2026-07-04,BGN,2.2832
2026-07-04,BRL,6.9242
2026-07-04,CAD,1.8959
2026-07-04,CHF,1.0727
2026-07-04,CNY,9.064
2026-07-04,COP,4493.6313
2026-07-04,CZK,28.2317
2026-07-04,DKK,8.7256
2026-07-04,EUR,1.1674
2026-07-04,HKD,10.4715
2026-07-04,HUF,412.5807
2026-07-04,IDR,24021.2809
2026-07-04,ILS,4.0035
2026-07-04,INR,127.1052
2026-07-04,JPY,215.4281
2026-07-04,KRW,2041.785
2026-07-04,MKD,71.9577
2026-07-04,MXN,23.3234
2026-07-04,MYR,5.4352
2026-07-04,NOK,13.1454
2026-07-04,NZD,2.3366
2026-07-04,PHP,82.1101
2026-07-04,PLN,5.0091
2026-07-04,RON,6.0975
2026-07-04,SEK,12.8948
2026-07-04,SGD,1.7246
2026-07-04,THB,44.2987
2026-07-04,TND,3.944
2026-07-04,TRY,62.4865
2026-07-04,USD,1.3351
2026-07-04,VND,35106.5682
2026-07-04,XOF,765.7953
2026-07-04,ZAR,21.6704
2026-07-05,AED,4.9039
2026-07-05,AUD,1.9249
2026-07-05,BGN,2.2836
2026-07-05,BRL,6.9247
2026-07-05,CAD,1.8967
2026-07-05,CHF,1.0733
2026-07-05,CNY,9.0654
2026-07-05,COP,4493.6923
2026-07-05,CZK,28.2464
2026-07-05,DKK,8.7262
2026-07-05,EUR,1.1674
2026-07-05,HKD,10.473
2026-07-05,HUF,412.8511
2026-07-05,IDR,24042.144
2026-07-05,ILS,4.0041
2026-07-05,INR,127.1407
2026-07-05,JPY,215.5929
2026-07-05,KRW,2042.275
2026-07-05,MKD,71.9197
2026-07-05,MXN,23.3405
2026-07-05,MYR,5.4364
2026-07-05,NOK,13.1275
2026-07-05,NZD,2.3419
2026-07-05,PHP,82.0756
2026-07-05,PLN,5.0099
2026-07-05,RON,6.1027
2026-07-05,SEK,12.877
2026-07-05,SGD,1.7248
2026-07-05,THB,44.4958
2026-07-05,TND,3.9421
2026-07-05,TRY,62.5085
2026-07-05,USD,1.3353
2026-07-05,VND,35111.7718
2026-07-05,XOF,765.7858
2026-07-05,ZAR,21.6759
2026-07-06,AED,4.919
2026-07-06,AUD,1.9258
2026-07-06,BGN,2.2895
2026-07-06,BRL,6.891
2026-07-06,CAD,1.9032
2026-07-06,CHF,1.0784
2026-07-06,CNY,9.1032
2026-07-06,COP,4457.8968
2026-07-06,CZK,28.2805
2026-07-06,DKK,8.7504
2026-07-06,EUR,1.1707
2026-07-06,HKD,10.5045
2026-07-06,HUF,414.3526
2026-07-06,IDR,24199.0905
2026-07-06,ILS,4.0153
2026-07-06,INR,128.0536
2026-07-06,JPY,217.1186
2026-07-06,KRW,2048.0736
2026-07-06,MKD,72.1276
2026-07-06,MXN,23.2849
2026-07-06,MYR,5.4718
2026-07-06,NOK,13.1065
2026-07-06,NZD,2.3499
2026-07-06,PHP,82.2604
2026-07-06,PLN,5.0205
2026-07-06,RON,6.1228
2026-07-06,SEK,12.8963
2026-07-06,SGD,1.7303
2026-07-06,THB,44.5678
2026-07-06,TND,3.954
2026-07-06,TRY,62.7163
2026-07-06,USD,1.3394
2026-07-06,VND,35229.344
2026-07-06,XOF,767.9058
2026-07-06,ZAR,21.7055
2026-07-07,AED,4.9009
2026-07-07,AUD,1.9281
2026-07-07,BGN,2.2891
2026-07-07,BRL,6.9024
2026-07-07,CAD,1.8958
2026-07-07,CHF,1.0797
2026-07-07,CNY,9.0668
2026-07-07,COP,4484.6191
2026-07-07,CZK,28.3421
2026-07-07,DKK,8.7501
2026-07-07,EUR,1.1706
2026-07-07,HKD,10.4647
2026-07-07,HUF,415.3454
2026-07-07,IDR,24010.2215
2026-07-07,ILS,4.0527
2026-07-07,INR,127.5684
2026-07-07,JPY,216.6525
2026-07-07,KRW,2028.5907
2026-07-07,MKD,72.0734
2026-07-07,MXN,23.3918
2026-07-07,MYR,5.432
2026-07-07,NOK,13.0923
2026-07-07,NZD,2.3516
2026-07-07,PHP,82.1237
2026-07-07,PLN,5.0352
2026-07-07,RON,6.1258
2026-07-07,SEK,12.9491
2026-07-07,SGD,1.7265
2026-07-07,THB,44.6137
2026-07-07,TND,3.9387
2026-07-07,TRY,62.5245
2026-07-07,USD,1.3345
2026-07-07,VND,35090.4052
2026-07-07,XOF,767.843
2026-07-07,ZAR,21.7904
2026-07-08,AED,4.9188
2026-07-08,AUD,1.9311
2026-07-08,BGN,2.2937
2026-07-08,BRL,6.9172
2026-07-08,CAD,1.8977
2026-07-08,CHF,1.0824
2026-07-08,CNY,9.112
2026-07-08,COP,4447.3147
2026-07-08,CZK,28.4536
2026-07-08,DKK,8.7659
2026-07-08,EUR,1.1727
2026-07-08,HKD,10.4994
2026-07-08,HUF,421.8568
2026-07-08,IDR,24285.6442
2026-07-08,ILS,4.0752
2026-07-08,INR,128.3931
2026-07-08,JPY,217.7028
2026-07-08,KRW,2013.7925
2026-07-08,MKD,72.3013
2026-07-08,MXN,23.5332
2026-07-08,MYR,5.4603
2026-07-08,NOK,13.0747
2026-07-08,NZD,2.3439
2026-07-08,PHP,82.543
2026-07-08,PLN,5.0532
2026-07-08,RON,6.1379
2026-07-08,SEK,12.9845
2026-07-08,SGD,1.7326
2026-07-08,THB,44.8302
2026-07-08,TND,3.9515
2026-07-08,TRY,62.7827
2026-07-08,USD,1.3394
2026-07-08,VND,35218.335
2026-07-08,XOF,769.226
2026-07-08,ZAR,21.9717
2026-07-09,AED,4.9258
2026-07-09,AUD,1.9319
2026-07-09,BGN,2.2943
2026-07-09,BRL,6.888
2026-07-09,CAD,1.9003
2026-07-09,CHF,1.0819
2026-07-09,CNY,9.1112
2026-07-09,COP,4469.5774
2026-07-09,CZK,28.4527
2026-07-09,DKK,8.7698
2026-07-09,EUR,1.1732
2026-07-09,HKD,10.5103
2026-07-09,HUF,419.163
2026-07-09,IDR,24320.4981
2026-07-09,ILS,4.0443
2026-07-09,INR,127.9449
2026-07-09,JPY,217.7844
2026-07-09,KRW,2020.0844
2026-07-09,MKD,72.3262
2026-07-09,MXN,23.5274
2026-07-09,MYR,5.4685
2026-07-09,NOK,13.0325
2026-07-09,NZD,2.3282
2026-07-09,PHP,82.4871
2026-07-09,PLN,5.081
2026-07-09,RON,6.141
2026-07-09,SEK,12.961
2026-07-09,SGD,1.7332
2026-07-09,THB,44.7584
2026-07-09,TND,3.9515
2026-07-09,TRY,62.9721
2026-07-09,USD,1.3413
2026-07-09,VND,35268.879
2026-07-09,XOF,769.5609
2026-07-09,ZAR,21.8917
2026-07-10,AED,4.9238
2026-07-10,AUD,1.928
2026-07-10,BGN,2.297
2026-07-10,BRL,6.8707
2026-07-10,CAD,1.8979
2026-07-10,CHF,1.0837
2026-07-10,CNY,9.0856
2026-07-10,COP,4419.1497
2026-07-10,CZK,28.4872
2026-07-10,DKK,8.7787
2026-07-10,EUR,1.1744
2026-07-10,HKD,10.5099
2026-07-10,HUF,417.8352
2026-07-10,IDR,24250.1639
2026-07-10,ILS,4.0359
2026-07-10,INR,127.9266
2026-07-10,JPY,216.7651
2026-07-10,KRW,2009.2162
2026-07-10,MKD,72.3874
2026-07-10,MXN,23.4216
2026-07-10,MYR,5.456
2026-07-10,NOK,13.1104
2026-07-10,NZD,2.3262
2026-07-10,PHP,82.3573
2026-07-10,PLN,5.0838
2026-07-10,RON,6.1486
2026-07-10,SEK,12.9541
2026-07-10,SGD,1.7317
2026-07-10,THB,44.6403
2026-07-10,TND,3.9647
2026-07-10,TRY,62.9683
2026-07-10,USD,1.3405
2026-07-10,VND,35212.7413
2026-07-10,XOF,770.3508
2026-07-10,ZAR,21.9376
2026-07-11,AED,4.9238
2026-07-11,AUD,1.928
2026-07-11,BGN,2.297
2026-07-11,BRL,6.8707
2026-07-11,CAD,1.8979
2026-07-11,CHF,1.0837
2026-07-11,CNY,9.0856
2026-07-11,COP,4419.1497
2026-07-11,CZK,28.4872
2026-07-11,DKK,8.7787
2026-07-11,EUR,1.1744
2026-07-11,HKD,10.5099
2026-07-11,HUF,417.8352
2026-07-11,IDR,24250.1639
2026-07-11,ILS,4.0359
2026-07-11,INR,127.9266
2026-07-11,JPY,216.7651
2026-07-11,KRW,2009.2162
2026-07-11,MKD,72.3874
2026-07-11,MXN,23.4216
2026-07-11,MYR,5.456
2026-07-11,NOK,13.1104
2026-07-11,NZD,2.3262
2026-07-11,PHP,82.3573
2026-07-11,PLN,5.0838
2026-07-11,RON,6.1486
2026-07-11,SEK,12.9541
2026-07-11,SGD,1.7317
2026-07-11,THB,44.6403
2026-07-11,TND,3.9647
2026-07-11,TRY,62.9683
2026-07-11,USD,1.3405
2026-07-11,VND,35212.7413
2026-07-11,XOF,770.3508
2026-07-11,ZAR,21.9376
2026-07-12,AED,4.9165
2026-07-12,AUD,1.9284
2026-07-12,BGN,2.2967
2026-07-12,BRL,6.841
2026-07-12,CAD,1.8962
2026-07-12,CHF,1.0836
2026-07-12,CNY,9.0722
2026-07-12,COP,4417.3776
2026-07-12,CZK,28.4791
2026-07-12,DKK,8.775
2026-07-12,EUR,1.1739
2026-07-12,HKD,10.4949
2026-07-12,HUF,418.7687
2026-07-12,IDR,24194.5832
2026-07-12,ILS,4.0306
2026-07-12,INR,127.6169
2026-07-12,JPY,216.7467
2026-07-12,KRW,2008.0194
2026-07-12,MKD,72.2526
2026-07-12,MXN,23.4343
2026-07-12,MYR,5.4487
2026-07-12,NOK,13.0981
2026-07-12,NZD,2.3254
2026-07-12,PHP,82.3526
2026-07-12,PLN,5.0886
2026-07-12,RON,6.1481
2026-07-12,SEK,12.962
2026-07-12,SGD,1.7306
2026-07-12,THB,44.6452
2026-07-12,TND,3.96
2026-07-12,TRY,62.9134
2026-07-12,USD,1.3387
2026-07-12,VND,35163.8111
2026-07-12,XOF,770.0415
2026-07-12,ZAR,21.9009
2026-07-13,AED,4.9025
2026-07-13,AUD,1.9293
2026-07-13,BGN,2.2938
2026-07-13,BRL,6.8741
2026-07-13,CAD,1.8889
2026-07-13,CHF,1.0876
2026-07-13,CNY,9.0512
2026-07-13,COP,4351.566
2026-07-13,CZK,28.4692
2026-07-13,DKK,8.7664
2026-07-13,EUR,1.1727
2026-07-13,HKD,10.4625
2026-07-13,HUF,420.9661
2026-07-13,IDR,24240.6012
2026-07-13,ILS,4.0369
2026-07-13,INR,128.5387
2026-07-13,JPY,216.8217
2026-07-13,KRW,1998.8768
2026-07-13,MKD,72.2802
2026-07-13,MXN,23.3902
2026-07-13,MYR,5.434
2026-07-13,NOK,13.055
2026-07-13,NZD,2.3162
2026-07-13,PHP,82.3425
2026-07-13,PLN,5.0815
2026-07-13,RON,6.1379
2026-07-13,SEK,12.973
2026-07-13,SGD,1.7281
2026-07-13,THB,44.7242
2026-07-13,TND,3.9561
2026-07-13,TRY,62.7783
2026-07-13,USD,1.3349
2026-07-13,VND,35046.7291
2026-07-13,XOF,769.2524
2026-07-13,ZAR,21.9889
2026-07-14,AED,4.9198
2026-07-14,AUD,1.9205
2026-07-14,BGN,2.2935
2026-07-14,BRL,6.8179
2026-07-14,CAD,1.8825
2026-07-14,CHF,1.0839
2026-07-14,CNY,9.0718
2026-07-14,COP,4348.994
2026-07-14,CZK,28.4301
2026-07-14,DKK,8.766
2026-07-14,EUR,1.1726
2026-07-14,HKD,10.4993
2026-07-14,HUF,420.4842
2026-07-14,IDR,24334.6162
2026-07-14,ILS,4.0171
2026-07-14,INR,129.1735
2026-07-14,JPY,217.2691
2026-07-14,KRW,1993.6314
2026-07-14,MKD,72.2777
2026-07-14,MXN,23.3411
2026-07-14,MYR,5.4614
2026-07-14,NOK,12.9802
2026-07-14,NZD,2.3053
2026-07-14,PHP,82.5712
2026-07-14,PLN,5.074
2026-07-14,RON,6.1487
2026-07-14,SEK,12.9394
2026-07-14,SGD,1.7293
2026-07-14,THB,44.8431
2026-07-14,TND,3.9501
2026-07-14,TRY,63.0034
2026-07-14,USD,1.3396
2026-07-14,VND,35188.3536
2026-07-14,XOF,769.1984
2026-07-14,ZAR,21.9177
2026-07-15,AED,4.9723
2026-07-15,AUD,1.9315
2026-07-15,BGN,2.3087
2026-07-15,BRL,6.8948
2026-07-15,CAD,1.9007
2026-07-15,CHF,1.0896
2026-07-15,CNY,9.1646
2026-07-15,COP,4381.3825
2026-07-15,CZK,28.5721
2026-07-15,DKK,8.8241
2026-07-15,EUR,1.1804
2026-07-15,HKD,10.613
2026-07-15,HUF,424.2435
2026-07-15,IDR,24625.9514
2026-07-15,ILS,4.0607
2026-07-15,INR,130.653
2026-07-15,JPY,219.4281
2026-07-15,KRW,2013.3458
2026-07-15,MKD,72.7589
2026-07-15,MXN,23.5374
2026-07-15,MYR,5.5085
2026-07-15,NOK,13.0694
2026-07-15,NZD,2.3157
2026-07-15,PHP,83.4755
2026-07-15,PLN,5.1011
2026-07-15,RON,6.1831
2026-07-15,SEK,12.9898
2026-07-15,SGD,1.7444
2026-07-15,THB,45.4699
2026-07-15,TND,3.9888
2026-07-15,TRY,63.69
2026-07-15,USD,1.3539
2026-07-15,VND,35545.6763
2026-07-15,XOF,774.3186
2026-07-15,ZAR,22.0987
2026-07-16,AED,4.9493
2026-07-16,AUD,1.9253
2026-07-16,BGN,2.3031
2026-07-16,BRL,6.8935
2026-07-16,CAD,1.8921
2026-07-16,CHF,1.0896
2026-07-16,CNY,9.128
2026-07-16,COP,4342.8362
2026-07-16,CZK,28.5151
2026-07-16,DKK,8.803
2026-07-16,EUR,1.1776
2026-07-16,HKD,10.5659
2026-07-16,HUF,426.4937
2026-07-16,IDR,24243.0103
2026-07-16,ILS,4.0726
2026-07-16,INR,130.2555
2026-07-16,JPY,218.8417
2026-07-16,KRW,1994.0061
2026-07-16,MKD,72.5896
2026-07-16,MXN,23.4786
2026-07-16,MYR,5.4885
2026-07-16,NOK,13.0284
2026-07-16,NZD,2.3072
2026-07-16,PHP,83.1081
2026-07-16,PLN,5.099
2026-07-16,RON,6.1695
2026-07-16,SEK,12.9963
2026-07-16,SGD,1.7388
2026-07-16,THB,45.2716
2026-07-16,TND,3.9522
2026-07-16,TRY,63.495
2026-07-16,USD,1.3477
2026-07-16,VND,35381.1746
2026-07-16,XOF,772.4315
2026-07-16,ZAR,22.1097
2026-07-17,AED,4.9409
2026-07-17,AUD,1.9273
2026-07-17,BGN,2.3006
2026-07-17,BRL,6.899
2026-07-17,CAD,1.8863
2026-07-17,CHF,1.0863
2026-07-17,CNY,9.1126
2026-07-17,COP,4338.247
2026-07-17,CZK,28.4884
2026-07-17,DKK,8.7937
2026-07-17,EUR,1.1763
2026-07-17,HKD,10.5478
2026-07-17,HUF,426.9399
2026-07-17,IDR,24145.3186
2026-07-17,ILS,4.0861
2026-07-17,INR,129.896
2026-07-17,JPY,218.4909
2026-07-17,KRW,2001.7217
2026-07-17,MKD,72.5185
2026-07-17,MXN,23.6026
2026-07-17,MYR,5.5105
2026-07-17,NOK,12.9792
2026-07-17,NZD,2.3029
2026-07-17,PHP,82.9493
2026-07-17,PLN,5.1051
2026-07-17,RON,6.1543
2026-07-17,SEK,12.9814
2026-07-17,SGD,1.7378
2026-07-17,THB,45.2381
2026-07-17,TND,3.9714
2026-07-17,TRY,63.4465
2026-07-17,USD,1.3454
2026-07-17,VND,35376.7328
2026-07-17,XOF,771.5779
2026-07-17,ZAR,22.2195
2026-07-18,AED,4.9409
2026-07-18,AUD,1.9273
2026-07-18,BGN,2.3006
2026-07-18,BRL,6.899
2026-07-18,CAD,1.8863
2026-07-18,CHF,1.0863
2026-07-18,CNY,9.1126
2026-07-18,COP,4338.247
2026-07-18,CZK,28.4884
2026-07-18,DKK,8.7937
2026-07-18,EUR,1.1763
2026-07-18,HKD,10.5478
2026-07-18,HUF,426.9399
2026-07-18,IDR,24145.3186
2026-07-18,ILS,4.0861
2026-07-18,INR,129.896
2026-07-18,JPY,218.4909
2026-07-18,KRW,2001.7217
2026-07-18,MKD,72.5185
2026-07-18,MXN,23.6026
2026-07-18,MYR,5.5105
2026-07-18,NOK,12.9792
2026-07-18,NZD,2.3029
2026-07-18,PHP,82.9493
2026-07-18,PLN,5.1051
2026-07-18,RON,6.1543
2026-07-18,SEK,12.9814
2026-07-18,SGD,1.7378
2026-07-18,THB,45.2381
2026-07-18,TND,3.9714
2026-07-18,TRY,63.4465
2026-07-18,USD,1.3454
2026-07-18,VND,35376.7328
2026-07-18,XOF,771.5779
2026-07-18,ZAR,22.2195
2026-07-19,AED,4.9374
2026-07-19,AUD,1.9268
2026-07-19,BGN,2.3011
2026-07-19,BRL,6.8926
2026-07-19,CAD,1.8849
2026-07-19,CHF,1.087
2026-07-19,CNY,9.1062
2026-07-19,COP,4339.371
2026-07-19,CZK,28.5027
2026-07-19,DKK,8.7958
2026-07-19,EUR,1.1766
2026-07-19,HKD,10.5403
2026-07-19,HUF,427.6742
2026-07-19,IDR,24119.5538
2026-07-19,ILS,4.0836
2026-07-19,INR,129.4479
2026-07-19,JPY,218.5185
2026-07-19,KRW,2001.0775
2026-07-19,MKD,72.43
2026-07-19,MXN,23.5898
2026-07-19,MYR,5.5065
2026-07-19,NOK,12.9733
2026-07-19,NZD,2.3027
2026-07-19,PHP,82.8192
2026-07-19,PLN,5.1075
2026-07-19,RON,6.1674
2026-07-19,SEK,13.0031
2026-07-19,SGD,1.7373
2026-07-19,THB,45.2668
2026-07-19,TND,3.9651
2026-07-19,TRY,63.4116
2026-07-19,USD,1.3444
2026-07-19,VND,35351.6679
2026-07-19,XOF,771.7748
2026-07-19,ZAR,22.2664
2026-07-20,AED,4.9329
2026-07-20,AUD,1.9187
2026-07-20,BGN,2.3016
2026-07-20,BRL,6.859
2026-07-20,CAD,1.8901
2026-07-20,CHF,1.088
2026-07-20,CNY,9.0938
2026-07-20,COP,4339.0431
2026-07-20,CZK,28.4744
2026-07-20,DKK,8.7963
2026-07-20,EUR,1.1765
2026-07-20,HKD,10.5321
2026-07-20,HUF,425.9957
2026-07-20,IDR,24093.169
2026-07-20,ILS,4.1031
2026-07-20,INR,129.6047
2026-07-20,JPY,218.2572
2026-07-20,KRW,1982.1648
2026-07-20,MKD,72.3477
2026-07-20,MXN,23.3944
2026-07-20,MYR,5.4969
2026-07-20,NOK,12.9906
2026-07-20,NZD,2.2953
2026-07-20,PHP,82.8388
2026-07-20,PLN,5.0982
2026-07-20,RON,6.1674
2026-07-20,SEK,13.0131
2026-07-20,SGD,1.734
2026-07-20,THB,45.1985
2026-07-20,TND,3.9683
2026-07-20,TRY,63.3794
2026-07-20,USD,1.3432
2026-07-20,VND,35319.3313
2026-07-20,XOF,771.7378
2026-07-20,ZAR,22.1712
2026-07-21,AED,4.9133
2026-07-21,AUD,1.9111
2026-07-21,BGN,2.295
2026-07-21,BRL,6.8085
2026-07-21,CAD,1.8872
2026-07-21,CHF,1.0873
2026-07-21,CNY,9.0521
2026-07-21,COP,4362.6606
2026-07-21,CZK,28.3854
2026-07-21,DKK,8.7713
2026-07-21,EUR,1.1733
2026-07-21,HKD,10.4909
2026-07-21,HUF,424.8489
2026-07-21,IDR,23971.573
2026-07-21,ILS,4.0795
2026-07-21,INR,128.8904
2026-07-21,JPY,218.3249
2026-07-21,KRW,1980.9487
2026-07-21,MKD,72.2563
2026-07-21,MXN,23.2876
2026-07-21,MYR,5.4708
2026-07-21,NOK,12.8905
2026-07-21,NZD,2.2966
2026-07-21,PHP,82.6593
2026-07-21,PLN,5.0781
2026-07-21,RON,6.1466
2026-07-21,SEK,12.9882
2026-07-21,SGD,1.7285
2026-07-21,THB,45.1231
2026-07-21,TND,3.9382
2026-07-21,TRY,63.1514
2026-07-21,USD,1.3379
2026-07-21,VND,35206.6708
2026-07-21,XOF,769.6598
2026-07-21,ZAR,22.027
2026-07-22,AED,4.9121
2026-07-22,AUD,1.9139
2026-07-22,BGN,2.2926
2026-07-22,BRL,6.7806
2026-07-22,CAD,1.8841
2026-07-22,CHF,1.0891
2026-07-22,CNY,9.0592
2026-07-22,COP,4306.6061
2026-07-22,CZK,28.3269
2026-07-22,DKK,8.7622
2026-07-22,EUR,1.1721
2026-07-22,HKD,10.4866
2026-07-22,HUF,426.2632
2026-07-22,IDR,23974.6498
2026-07-22,ILS,4.0912
2026-07-22,INR,129.1499
2026-07-22,JPY,218.1529
2026-07-22,KRW,1975.1118
2026-07-22,MKD,72.1896
2026-07-22,MXN,23.2785
2026-07-22,MYR,5.4703
2026-07-22,NOK,12.8319
2026-07-22,NZD,2.3009
2026-07-22,PHP,82.6403
2026-07-22,PLN,5.0725
2026-07-22,RON,6.1377
2026-07-22,SEK,12.9727
2026-07-22,SGD,1.7269
2026-07-22,THB,45.1826
2026-07-22,TND,3.941
2026-07-22,TRY,63.1503
2026-07-22,USD,1.3375
2026-07-22,VND,35198.5713
2026-07-22,XOF,768.8458
2026-07-22,ZAR,21.9366
2026-07-23,AED,4.8893
2026-07-23,AUD,1.9108
2026-07-23,BGN,2.2888
2026-07-23,BRL,6.7871
2026-07-23,CAD,1.8752
2026-07-23,CHF,1.0875
2026-07-23,CNY,9.0174
2026-07-23,COP,4281.8686
2026-07-23,CZK,28.3078
2026-07-23,DKK,8.7478
2026-07-23,EUR,1.1702
2026-07-23,HKD,10.439
2026-07-23,HUF,426.5844
2026-07-23,IDR,23927.3652
2026-07-23,ILS,4.0913
2026-07-23,INR,128.9744
2026-07-23,JPY,218.1431
2026-07-23,KRW,1963.6836
2026-07-23,MKD,72.0395
2026-07-23,MXN,23.3158
2026-07-23,MYR,5.4427
2026-07-23,NOK,12.8014
2026-07-23,NZD,2.3059
2026-07-23,PHP,82.3288
2026-07-23,PLN,5.0679
2026-07-23,RON,6.1229
2026-07-23,SEK,12.993
2026-07-23,SGD,1.7212
2026-07-23,THB,45.0503
2026-07-23,TND,3.9495
2026-07-23,TRY,62.9856
2026-07-23,USD,1.3313
2026-07-23,VND,35034.7
2026-07-23,XOF,767.6049
2026-07-23,ZAR,22.3888
2026-07-24,AED,4.8942
2026-07-24,AUD,1.9081
2026-07-24,BGN,2.292
2026-07-24,BRL,6.7927
2026-07-24,CAD,1.8782
2026-07-24,CHF,1.0902
2026-07-24,CNY,9.0239
2026-07-24,COP,4266.9985
2026-07-24,CZK,28.2868
2026-07-24,DKK,8.7598
2026-07-24,EUR,1.1718
2026-07-24,HKD,10.4502
2026-07-24,HUF,423.1833
2026-07-24,IDR,23884.1782
2026-07-24,ILS,4.0593
2026-07-24,INR,128.4497
2026-07-24,JPY,218.3321
2026-07-24,KRW,1944.6852
2026-07-24,MKD,72.1047
2026-07-24,MXN,23.2929
2026-07-24,MYR,5.4517
2026-07-24,NOK,12.764
2026-07-24,NZD,2.3011
2026-07-24,PHP,82.2551
2026-07-24,PLN,5.0581
2026-07-24,RON,6.1111
2026-07-24,SEK,12.9473
2026-07-24,SGD,1.7197
2026-07-24,THB,44.9185
2026-07-24,TND,3.9484
2026-07-24,TRY,63.0731
2026-07-24,USD,1.3325
2026-07-24,VND,35084.2101
2026-07-24,XOF,768.6662
2026-07-24,ZAR,22.4293
2026-07-25,AED,4.8942
2026-07-25,AUD,1.9081
2026-07-25,BGN,2.292
2026-07-25,BRL,6.7927
2026-07-25,CAD,1.8782
2026-07-25,CHF,1.0902
2026-07-25,CNY,9.0239
2026-07-25,COP,4266.9985
2026-07-25,CZK,28.2868
2026-07-25,DKK,8.7598
2026-07-25,EUR,1.1718
2026-07-25,HKD,10.4502
2026-07-25,HUF,423.1833
2026-07-25,IDR,23884.1782
2026-07-25,ILS,4.0593
2026-07-25,INR,128.4497
2026-07-25,JPY,218.3321
2026-07-25,KRW,1944.6852
2026-07-25,MKD,72.1047
2026-07-25,MXN,23.2929
2026-07-25,MYR,5.4517
2026-07-25,NOK,12.764
2026-07-25,NZD,2.3011
2026-07-25,PHP,82.2551
2026-07-25,PLN,5.0581
2026-07-25,RON,6.1111
2026-07-25,SEK,12.9473
2026-07-25,SGD,1.7197
2026-07-25,THB,44.9185
2026-07-25,TND,3.9484
2026-07-25,TRY,63.0731
2026-07-25,USD,1.3325
2026-07-25,VND,35084.2101
2026-07-25,XOF,768.6662
2026-07-25,ZAR,22.4293
2026-07-26,AED,4.9034
2026-07-26,AUD,1.9088
2026-07-26,BGN,2.2921
2026-07-26,BRL,6.7876
2026-07-26,CAD,1.8808
2026-07-26,CHF,1.0899
2026-07-26,CNY,9.0417
2026-07-26,COP,4268.0269
2026-07-26,CZK,28.2797
2026-07-26,DKK,8.7593
2026-07-26,EUR,1.1717
2026-07-26,HKD,10.4702
2026-07-26,HUF,422.5973
2026-07-26,IDR,23987.1394
2026-07-26,ILS,4.0673
2026-07-26,INR,128.9296
2026-07-26,JPY,218.4563
2026-07-26,KRW,1947.9773
2026-07-26,MKD,72.2442
2026-07-26,MXN,23.2857
2026-07-26,MYR,5.4627
2026-07-26,NOK,12.7891
2026-07-26,NZD,2.3028
2026-07-26,PHP,82.3865
2026-07-26,PLN,5.0578
2026-07-26,RON,6.123
2026-07-26,SEK,12.9243
2026-07-26,SGD,1.7214
2026-07-26,THB,44.9136
2026-07-26,TND,3.9586
2026-07-26,TRY,63.228
2026-07-26,USD,1.3351
2026-07-26,VND,35144.0953
2026-07-26,XOF,768.5893
2026-07-26,ZAR,22.3093
2026-07-27,AED,4.8807
2026-07-27,AUD,1.9021
2026-07-27,BGN,2.2863
2026-07-27,BRL,6.8184
2026-07-27,CAD,1.8772
2026-07-27,CHF,1.0889
2026-07-27,CNY,8.992
2026-07-27,COP,4261.2059
2026-07-27,CZK,28.2461
2026-07-27,DKK,8.7379
2026-07-27,EUR,1.1688
2026-07-27,HKD,10.4218
2026-07-27,HUF,421.3729
2026-07-27,IDR,24001.8943
2026-07-27,ILS,4.0611
2026-07-27,INR,127.2827
2026-07-27,JPY,217.6616
2026-07-27,KRW,1947.5445
2026-07-27,MKD,71.9038
2026-07-27,MXN,23.2002
2026-07-27,MYR,5.431
2026-07-27,NOK,12.8421
2026-07-27,NZD,2.3035
2026-07-27,PHP,81.993
2026-07-27,PLN,5.0529
2026-07-27,RON,6.1137
2026-07-27,SEK,12.9259
2026-07-27,SGD,1.7164
2026-07-27,THB,44.7071
2026-07-27,TND,3.9378
2026-07-27,TRY,62.9377
2026-07-27,USD,1.329
2026-07-27,VND,34973.2866
2026-07-27,XOF,766.6837
2026-07-27,ZAR,22.3015
2026-07-28,AED,4.8792
2026-07-28,AUD,1.9049
2026-07-28,BGN,2.2823
2026-07-28,BRL,6.8271
2026-07-28,CAD,1.8743
2026-07-28,CHF,1.0888
2026-07-28,CNY,8.9963
2026-07-28,COP,4236.168
2026-07-28,CZK,28.2071
2026-07-28,DKK,8.7227
2026-07-28,EUR,1.1668
2026-07-28,HKD,10.4174
2026-07-28,HUF,420.8939
2026-07-28,IDR,23994.7513
2026-07-28,ILS,4.065
2026-07-28,INR,127.3586
2026-07-28,JPY,217.7141
2026-07-28,KRW,1932.044
2026-07-28,MKD,71.7641
2026-07-28,MXN,23.1702
2026-07-28,MYR,5.4354
2026-07-28,NOK,12.8666
2026-07-28,NZD,2.2983
2026-07-28,PHP,81.7348
2026-07-28,PLN,5.0482
2026-07-28,RON,6.1027
2026-07-28,SEK,12.8792
2026-07-28,SGD,1.7172
2026-07-28,THB,44.6043
2026-07-28,TND,3.9403
2026-07-28,TRY,62.9618
2026-07-28,USD,1.3286
2026-07-28,VND,34990.5025
2026-07-28,XOF,765.4002
2026-07-28,ZAR,22.1996
2026-07-29,AED,4.9096
2026-07-29,AUD,1.9207
2026-07-29,BGN,2.2798
2026-07-29,BRL,6.8552
2026-07-29,CAD,1.8763
2026-07-29,CHF,1.0873
2026-07-29,CNY,9.0446
2026-07-29,COP,4243.9304
2026-07-29,CZK,28.1755
2026-07-29,DKK,8.7137
2026-07-29,EUR,1.1657
2026-07-29,HKD,10.4828
2026-07-29,HUF,423.8521
2026-07-29,IDR,24176.3567
2026-07-29,ILS,4.1138
2026-07-29,INR,127.9618
2026-07-29,JPY,218.3059
2026-07-29,KRW,1929.4324
2026-07-29,MKD,72.2124
2026-07-29,MXN,23.3183
2026-07-29,MYR,5.467
2026-07-29,NOK,12.8288
2026-07-29,NZD,2.3039
2026-07-29,PHP,82.1676
2026-07-29,PLN,5.0418
2026-07-29,RON,6.1066
2026-07-29,SEK,12.8912
2026-07-29,SGD,1.7226
2026-07-29,THB,44.7678
2026-07-29,TND,3.9517
2026-07-29,TRY,63.357
2026-07-29,USD,1.3367
2026-07-29,VND,35185.8584
2026-07-29,XOF,764.6387
2026-07-29,ZAR,22.2747
2026-07-30,AED,4.9436
2026-07-30,AUD,1.9159
2026-07-30,BGN,2.2846
2026-07-30,BRL,6.8375
2026-07-30,CAD,1.8862
2026-07-30,CHF,1.0847
2026-07-30,CNY,9.0932
2026-07-30,COP,4280.2798
2026-07-30,CZK,28.2693
2026-07-30,DKK,8.7319
2026-07-30,EUR,1.1682
2026-07-30,HKD,10.5577
2026-07-30,HUF,423.6099
2026-07-30,IDR,24293.5423
2026-07-30,ILS,4.1258
2026-07-30,INR,128.8022
2026-07-30,JPY,215.6428
2026-07-30,KRW,1913.6034
2026-07-30,MKD,71.8567
2026-07-30,MXN,23.3498
2026-07-30,MYR,5.4923
2026-07-30,NOK,12.8331
2026-07-30,NZD,2.2911
2026-07-30,PHP,82.5835
2026-07-30,PLN,5.0305
2026-07-30,RON,6.1272
2026-07-30,SEK,12.842
2026-07-30,SGD,1.7257
2026-07-30,THB,44.9354
2026-07-30,TND,3.9806
2026-07-30,TRY,63.9494
2026-07-30,USD,1.3461
2026-07-30,VND,35377.2715
2026-07-30,XOF,766.2562
2026-07-30,ZAR,22.2127
2026-07-31,AED,4.952
2026-07-31,AUD,1.9189
2026-07-31,BGN,2.2856
2026-07-31,BRL,6.8582
2026-07-31,CAD,1.8895
2026-07-31,CHF,1.0883
2026-07-31,CNY,9.1026
2026-07-31,COP,4181.7376
2026-07-31,CZK,28.3257
2026-07-31,DKK,8.742
2026-07-31,EUR,1.1694
2026-07-31,HKD,10.5728
2026-07-31,HUF,426.4323
2026-07-31,IDR,24305.6431
2026-07-31,ILS,4.1296
2026-07-31,INR,128.6262
2026-07-31,JPY,212.2809
2026-07-31,KRW,1944.8582
2026-07-31,MKD,72.1612
2026-07-31,MXN,23.3653
2026-07-31,MYR,5.5078
2026-07-31,NOK,12.7653
2026-07-31,NZD,2.2896
2026-07-31,PHP,82.5861
2026-07-31,PLN,5.0385
2026-07-31,RON,6.1327
2026-07-31,SEK,12.8365
2026-07-31,SGD,1.7292
2026-07-31,THB,45.0659
2026-07-31,TND,3.9655
2026-07-31,TRY,64.0779
2026-07-31,USD,1.3482
2026-07-31,VND,35461.1789
2026-07-31,XOF,767.0575
2026-07-31,ZAR,22.3066
2026-08-01,AED,4.952
2026-08-01,AUD,1.9189
2026-08-01,BGN,2.2856
2026-08-01,BRL,6.8582
2026-08-01,CAD,1.8895
2026-08-01,CHF,1.0883
2026-08-01,CNY,9.1026
2026-08-01,COP,4181.7376
2026-08-01,CZK,28.3257
2026-08-01,DKK,8.742
2026-08-01,EUR,1.1694
2026-08-01,HKD,10.5728
2026-08-01,HUF,426.4323
2026-08-01,IDR,24305.6431
2026-08-01,ILS,4.1296
2026-08-01,INR,128.6262
2026-08-01,JPY,212.2809
2026-08-01,KRW,1944.8582
2026-08-01,MKD,72.1612
2026-08-01,MXN,23.3653
2026-08-01,MYR,5.5078
2026-08-01,NOK,12.7653
2026-08-01,NZD,2.2896
2026-08-01,PHP,82.5861
2026-08-01,PLN,5.0385
2026-08-01,RON,6.1327
2026-08-01,SEK,12.8365
2026-08-01,SGD,1.7292
2026-08-01,THB,45.0659
2026-08-01,TND,3.9655
2026-08-01,TRY,64.0779
2026-08-01,USD,1.3482
2026-08-01,VND,35461.1789
2026-08-01,XOF,767.0575
2026-08-01,ZAR,22.3066
2026-08-02,AED,4.9545
2026-08-02,AUD,1.915
2026-08-02,BGN,2.2857
2026-08-02,BRL,6.8455
2026-08-02,CAD,1.8908
2026-08-02,CHF,1.0888
2026-08-02,CNY,9.1079
2026-08-02,COP,4181.299
2026-08-02,CZK,28.3081
2026-08-02,DKK,8.7362
2026-08-02,EUR,1.1687
2026-08-02,HKD,10.5794
2026-08-02,HUF,425.7129
2026-08-02,IDR,24333.5915
2026-08-02,ILS,4.1321
2026-08-02,INR,128.7031
2026-08-02,JPY,212.6407
2026-08-02,KRW,1938.1572
2026-08-02,MKD,71.9461
2026-08-02,MXN,23.3471
2026-08-02,MYR,5.5112
2026-08-02,NOK,12.799
2026-08-02,NZD,2.2876
2026-08-02,PHP,82.6431
2026-08-02,PLN,5.0354
2026-08-02,RON,6.132
2026-08-02,SEK,12.8248
2026-08-02,SGD,1.7284
2026-08-02,THB,44.9775
2026-08-02,TND,3.969
2026-08-02,TRY,64.1363
2026-08-02,USD,1.3491
2026-08-02,VND,35482.7541
2026-08-02,XOF,766.6432
2026-08-02,ZAR,22.2141
2026-08-03,AED,4.9311
2026-08-03,AUD,1.919
2026-08-03,BGN,2.2821
2026-08-03,BRL,6.8529
2026-08-03,CAD,1.8862
2026-08-03,CHF,1.0881
2026-08-03,CNY,9.0669
2026-08-03,COP,4309.2058
2026-08-03,CZK,28.2417
2026-08-03,DKK,8.7225
2026-08-03,EUR,1.1669
2026-08-03,HKD,10.5294
2026-08-03,HUF,424.7347
2026-08-03,IDR,24127.6805
2026-08-03,ILS,4.0866
2026-08-03,INR,128.0028
2026-08-03,JPY,211.552
2026-08-03,KRW,1919.3845
2026-08-03,MKD,71.7817
2026-08-03,MXN,23.2654
2026-08-03,MYR,5.4992
2026-08-03,NOK,12.8118
2026-08-03,NZD,2.2888
2026-08-03,PHP,81.8043
2026-08-03,PLN,5.0323
2026-08-03,RON,6.1213
2026-08-03,SEK,12.8478
2026-08-03,SGD,1.7224
2026-08-03,THB,44.8833
2026-08-03,TND,3.9448
2026-08-03,TRY,63.8385
2026-08-03,USD,1.3427
2026-08-03,VND,35297.1982
2026-08-03,XOF,765.4145
2026-08-03,ZAR,22.1897
2026-08-04,AED,4.9397
2026-08-04,AUD,1.9086
2026-08-04,BGN,2.2814
2026-08-04,BRL,6.9206
2026-08-04,CAD,1.8919
2026-08-04,CHF,1.0884
2026-08-04,CNY,9.0838
2026-08-04,COP,4344.0604
2026-08-04,CZK,28.2096
2026-08-04,DKK,8.7186
2026-08-04,EUR,1.1663
2026-08-04,HKD,10.5488
2026-08-04,HUF,421.4111
2026-08-04,IDR,24169.8368
2026-08-04,ILS,4.0507
2026-08-04,INR,127.9109
2026-08-04,JPY,212.1445
2026-08-04,KRW,1922.6281
2026-08-04,MKD,71.7696
2026-08-04,MXN,23.2128
2026-08-04,MYR,5.5108
2026-08-04,NOK,12.8303
2026-08-04,NZD,2.2899
2026-08-04,PHP,82.0404
2026-08-04,PLN,5.0109
2026-08-04,RON,6.1239
2026-08-04,SEK,12.802
2026-08-04,SGD,1.7242
2026-08-04,THB,44.7095
2026-08-04,TND,3.9546
2026-08-04,TRY,63.9868
2026-08-04,USD,1.3451
2026-08-04,VND,35331.0066
2026-08-04,XOF,765.0684
2026-08-04,ZAR,22.041
2026-08-05,AED,4.9466
2026-08-05,AUD,1.9087
2026-08-05,BGN,2.2796
2026-08-05,BRL,6.9249
2026-08-05,CAD,1.8873
2026-08-05,CHF,1.0866
2026-08-05,CNY,9.0915
2026-08-05,COP,4295.4861
2026-08-05,CZK,28.1918
2026-08-05,DKK,8.7125
2026-08-05,EUR,1.1655
2026-08-05,HKD,10.5649
2026-08-05,HUF,421.7794
2026-08-05,IDR,24082.5244
2026-08-05,ILS,4.0457
2026-08-05,INR,128.0633
2026-08-05,JPY,212.2766
2026-08-05,KRW,1915.2195
2026-08-05,MKD,71.7174
2026-08-05,MXN,23.2138
2026-08-05,MYR,5.5146
2026-08-05,NOK,12.8304
2026-08-05,NZD,2.2879
2026-08-05,PHP,81.7563
2026-08-05,PLN,5.0118
2026-08-05,RON,6.1151
2026-08-05,SEK,12.7723
2026-08-05,SGD,1.7251
2026-08-05,THB,44.5432
2026-08-05,TND,3.93
2026-08-05,TRY,64.084
2026-08-05,USD,1.3469
2026-08-05,VND,35361.9215
2026-08-05,XOF,764.5311
2026-08-05,ZAR,21.9669
2026-08-06,AED,4.9412
2026-08-06,AUD,1.913
2026-08-06,BGN,2.2836
2026-08-06,BRL,6.8932
2026-08-06,CAD,1.8855
2026-08-06,CHF,1.0931
2026-08-06,CNY,9.0806
2026-08-06,COP,4279.8626
2026-08-06,CZK,28.3053
2026-08-06,DKK,8.7279
2026-08-06,EUR,1.1675
2026-08-06,HKD,10.5547
2026-08-06,HUF,426.475
2026-08-06,IDR,24107.8735
2026-08-06,ILS,4.0468
2026-08-06,INR,128.2387
2026-08-06,JPY,213.1345
2026-08-06,KRW,1915.0008
2026-08-06,MKD,71.8425
2026-08-06,MXN,23.1507
2026-08-06,MYR,5.505
2026-08-06,NOK,12.8311
2026-08-06,NZD,2.2931
2026-08-06,PHP,81.7367
2026-08-06,PLN,5.0212
2026-08-06,RON,6.1362
2026-08-06,SEK,12.8015
2026-08-06,SGD,1.7269
2026-08-06,THB,44.5616
2026-08-06,TND,3.9453
2026-08-06,TRY,64.1312
2026-08-06,USD,1.3455
2026-08-06,VND,35295.394
2026-08-06,XOF,765.8368
2026-08-06,ZAR,21.994
2026-08-07,AED,4.9557
2026-08-07,AUD,1.9092
2026-08-07,BGN,2.2832
2026-08-07,BRL,6.8775
2026-08-07,CAD,1.8808
2026-08-07,CHF,1.0902
2026-08-07,CNY,9.1035
2026-08-07,COP,4241.582
2026-08-07,CZK,28.3104
2026-08-07,DKK,8.727
2026-08-07,EUR,1.1674
2026-08-07,HKD,10.5848
2026-08-07,HUF,423.9237
2026-08-07,IDR,24020.7807
2026-08-07,ILS,4.0475
2026-08-07,INR,128.3645
2026-08-07,JPY,212.9057
2026-08-07,KRW,1899.5189
2026-08-07,MKD,72.0149
2026-08-07,MXN,23.1215
2026-08-07,MYR,5.5184
2026-08-07,NOK,12.8273
2026-08-07,NZD,2.2894
2026-08-07,PHP,81.906
2026-08-07,PLN,5.0181
2026-08-07,RON,6.1171
2026-08-07,SEK,12.7895
2026-08-07,SGD,1.7244
2026-08-07,THB,44.5632
2026-08-07,TND,3.929
2026-08-07,TRY,64.3567
2026-08-07,USD,1.3492
2026-08-07,VND,35357.6323
2026-08-07,XOF,765.7346
2026-08-07,ZAR,21.7729
2026-08-08,AED,4.9557
2026-08-08,AUD,1.9092
2026-08-08,BGN,2.2832
2026-08-08,BRL,6.8775
2026-08-08,CAD,1.8808
2026-08-08,CHF,1.0902
2026-08-08,CNY,9.1035
2026-08-08,COP,4241.582
2026-08-08,CZK,28.3104
2026-08-08,DKK,8.727
2026-08-08,EUR,1.1674
2026-08-08,HKD,10.5848
2026-08-08,HUF,423.9237
2026-08-08,IDR,24020.7807
2026-08-08,ILS,4.0475
2026-08-08,INR,128.3645
2026-08-08,JPY,212.9057
2026-08-08,KRW,1899.5189
2026-08-08,MKD,72.0149
2026-08-08,MXN,23.1215
2026-08-08,MYR,5.5184
2026-08-08,NOK,12.8273
2026-08-08,NZD,2.2894
2026-08-08,PHP,81.906
2026-08-08,PLN,5.0181
2026-08-08,RON,6.1171
2026-08-08,SEK,12.7895
2026-08-08,SGD,1.7244
2026-08-08,THB,44.5632
2026-08-08,TND,3.929
2026-08-08,TRY,64.3567
2026-08-08,USD,1.3492
2026-08-08,VND,35357.6323
2026-08-08,XOF,765.7346
2026-08-08,ZAR,21.7729
2026-08-09,AED,4.9546
2026-08-09,AUD,1.9102
2026-08-09,BGN,2.2831
2026-08-09,BRL,6.8588
2026-08-09,CAD,1.8822
2026-08-09,CHF,1.0904
2026-08-09,CNY,9.1029
2026-08-09,COP,4241.9662
2026-08-09,CZK,28.3184
2026-08-09,DKK,8.7275
2026-08-09,EUR,1.1674
2026-08-09,HKD,10.5842
2026-08-09,HUF,424.7923
2026-08-09,IDR,24013.3946
2026-08-09,ILS,4.047
2026-08-09,INR,128.4459
2026-08-09,JPY,213.0368
2026-08-09,KRW,1899.3798
2026-08-09,MKD,71.7973
2026-08-09,MXN,23.125
2026-08-09,MYR,5.5181
2026-08-09,NOK,12.8154
2026-08-09,NZD,2.2917
2026-08-09,PHP,82.0439
2026-08-09,PLN,5.0174
2026-08-09,RON,6.1279
2026-08-09,SEK,12.7967
2026-08-09,SGD,1.7251
2026-08-09,THB,44.5059
2026-08-09,TND,3.9377
2026-08-09,TRY,64.3479
2026-08-09,USD,1.3491
2026-08-09,VND,35353.0532
2026-08-09,XOF,765.7875
2026-08-09,ZAR,21.7992
2026-08-10,AED,4.9618
2026-08-10,AUD,1.9151
2026-08-10,BGN,2.2889
2026-08-10,BRL,6.9004
2026-08-10,CAD,1.8826
2026-08-10,CHF,1.0942
2026-08-10,CNY,9.1165
2026-08-10,COP,4267.9981
2026-08-10,CZK,28.3716
2026-08-10,DKK,8.7473
2026-08-10,EUR,1.1702
2026-08-10,HKD,10.5997
2026-08-10,HUF,426.2625
2026-08-10,IDR,24044.803
2026-08-10,ILS,4.0508
2026-08-10,INR,128.8886
2026-08-10,JPY,215.0045
2026-08-10,KRW,1916.2045
2026-08-10,MKD,72.0103
2026-08-10,MXN,23.1524
2026-08-10,MYR,5.5274
2026-08-10,NOK,12.8259
2026-08-10,NZD,2.2951
2026-08-10,PHP,82.1617
2026-08-10,PLN,5.034
2026-08-10,RON,6.1371
2026-08-10,SEK,12.8211
2026-08-10,SGD,1.7298
2026-08-10,THB,44.5856
2026-08-10,TND,3.9614
2026-08-10,TRY,64.4865
2026-08-10,USD,1.3511
2026-08-10,VND,35340.7659
2026-08-10,XOF,767.614
2026-08-10,ZAR,21.8755
2026-08-11,AED,4.9612
2026-08-11,AUD,1.9126
2026-08-11,BGN,2.289
2026-08-11,BRL,6.991
2026-08-11,CAD,1.8805
2026-08-11,CHF,1.0957
2026-08-11,CNY,9.1124
2026-08-11,COP,4241.6132
2026-08-11,CZK,28.3812
2026-08-11,DKK,8.7488
2026-08-11,EUR,1.1703
2026-08-11,HKD,10.6001
2026-08-11,HUF,427.2859
2026-08-11,IDR,24089.0048
2026-08-11,ILS,4.0491
2026-08-11,INR,128.8502
2026-08-11,JPY,215.1657
2026-08-11,KRW,1909.1725
2026-08-11,MKD,72.0145
2026-08-11,MXN,23.0664
2026-08-11,MYR,5.5286
2026-08-11,NOK,12.8226
2026-08-11,NZD,2.2981
2026-08-11,PHP,82.7365
2026-08-11,PLN,5.0326
2026-08-11,RON,6.1303
2026-08-11,SEK,12.8596
2026-08-11,SGD,1.7289
2026-08-11,THB,44.7616
2026-08-11,TND,3.9332
2026-08-11,TRY,64.5113
2026-08-11,USD,1.3509
2026-08-11,VND,35308.7138
2026-08-11,XOF,767.6505
2026-08-11,ZAR,21.8683
2026-08-12,AED,4.9571
2026-08-12,AUD,1.9108
2026-08-12,BGN,2.2902
2026-08-12,BRL,7.0146
2026-08-12,CAD,1.8818
2026-08-12,CHF,1.0977
2026-08-12,CNY,9.1028
2026-08-12,COP,4229.8408
2026-08-12,CZK,28.3779
2026-08-12,DKK,8.7534
2026-08-12,EUR,1.1708
2026-08-12,HKD,10.5914
2026-08-12,HUF,426.4843
2026-08-12,IDR,24103.2948
2026-08-12,ILS,4.0211
2026-08-12,INR,128.6949
2026-08-12,JPY,215.0503
2026-08-12,KRW,1913.3395
2026-08-12,MKD,72.0603
2026-08-12,MXN,23.0293
2026-08-12,MYR,5.5147
2026-08-12,NOK,12.8163
2026-08-12,NZD,2.3034
2026-08-12,PHP,82.6932
2026-08-12,PLN,5.0416
2026-08-12,RON,6.1299
2026-08-12,SEK,12.932
2026-08-12,SGD,1.7277
2026-08-12,THB,44.6644
2026-08-12,TND,3.964
2026-08-12,TRY,64.4688
2026-08-12,USD,1.3498
2026-08-12,VND,35159.7945
2026-08-12,XOF,767.9965
2026-08-12,ZAR,21.7885
2026-08-13,AED,4.9543
2026-08-13,AUD,1.9097
2026-08-13,BGN,2.2876
2026-08-13,BRL,7.0168
2026-08-13,CAD,1.8789
2026-08-13,CHF,1.0983
2026-08-13,CNY,9.0975
2026-08-13,COP,4231.1397
2026-08-13,CZK,28.3333
2026-08-13,DKK,8.7434
2026-08-13,EUR,1.1696
2026-08-13,HKD,10.5861
2026-08-13,HUF,425.0417
2026-08-13,IDR,24106.7598
2026-08-13,ILS,3.9972
2026-08-13,INR,128.6979
2026-08-13,JPY,215.0814
2026-08-13,KRW,1912.8171
2026-08-13,MKD,71.987
2026-08-13,MXN,22.977
2026-08-13,MYR,5.5126
2026-08-13,NOK,12.8249
2026-08-13,NZD,2.3048
2026-08-13,PHP,82.7674
2026-08-13,PLN,5.0416
2026-08-13,RON,6.1251
2026-08-13,SEK,12.8966
2026-08-13,SGD,1.7272
2026-08-13,THB,44.7468
2026-08-13,TND,3.9588
2026-08-13,TRY,64.5772
2026-08-13,USD,1.349
2026-08-13,VND,35176.3828
2026-08-13,XOF,767.2177
2026-08-13,ZAR,21.8392
2026-08-14,AED,4.9702
2026-08-14,AUD,1.9103
2026-08-14,BGN,2.2878
2026-08-14,BRL,7.0675
2026-08-14,CAD,1.8778
2026-08-14,CHF,1.1007
2026-08-14,CNY,9.1256
2026-08-14,COP,4216.0445
2026-08-14,CZK,28.3288
2026-08-14,DKK,8.7431
2026-08-14,EUR,1.1697
2026-08-14,HKD,10.6199
2026-08-14,HUF,424.6711
2026-08-14,IDR,24128.192
2026-08-14,ILS,3.9992
2026-08-14,INR,129.4003
2026-08-14,JPY,215.6177
2026-08-14,KRW,1916.791
2026-08-14,MKD,72.0278
2026-08-14,MXN,23.0383
2026-08-14,MYR,5.5297
2026-08-14,NOK,12.7804
2026-08-14,NZD,2.2972
2026-08-14,PHP,83.1837
2026-08-14,PLN,5.0379
2026-08-14,RON,6.1228
2026-08-14,SEK,12.891
2026-08-14,SGD,1.7308
2026-08-14,THB,44.853
2026-08-14,TND,3.9659
2026-08-14,TRY,64.8009
2026-08-14,USD,1.3534
2026-08-14,VND,35390.9595
2026-08-14,XOF,767.2532
2026-08-14,ZAR,21.9237
2026-08-15,AED,4.9702
2026-08-15,AUD,1.9103
2026-08-15,BGN,2.2878
2026-08-15,BRL,7.0675
2026-08-15,CAD,1.8778
2026-08-15,CHF,1.1007
2026-08-15,CNY,9.1256
2026-08-15,COP,4216.0445
2026-08-15,CZK,28.3288
2026-08-15,DKK,8.7431
2026-08-15,EUR,1.1697
2026-08-15,HKD,10.6199
2026-08-15,HUF,424.6711
2026-08-15,IDR,24128.192
2026-08-15,ILS,3.9992
2026-08-15,INR,129.4003
2026-08-15,JPY,215.6177
2026-08-15,KRW,1916.791
2026-08-15,MKD,72.0278
2026-08-15,MXN,23.0383
2026-08-15,MYR,5.5297
2026-08-15,NOK,12.7804
2026-08-15,NZD,2.2972
2026-08-15,PHP,83.1837
2026-08-15,PLN,5.0379
2026-08-15,RON,6.1228
2026-08-15,SEK,12.891
2026-08-15,SGD,1.7308
2026-08-15,THB,44.853
2026-08-15,TND,3.9659
2026-08-15,TRY,64.8009
2026-08-15,USD,1.3534
2026-08-15,VND,35390.9595
2026-08-15,XOF,767.2532
2026-08-15,ZAR,21.9237
2026-08-16,AED,4.9749
2026-08-16,AUD,1.9119
2026-08-16,BGN,2.2892
2026-08-16,BRL,7.0757
2026-08-16,CAD,1.8794
2026-08-16,CHF,1.1009
2026-08-16,CNY,9.1342
2026-08-16,COP,4218.6367
2026-08-16,CZK,28.3411
2026-08-16,DKK,8.7496
2026-08-16,EUR,1.1704
2026-08-16,HKD,10.6299
2026-08-16,HUF,424.8285
2026-08-16,IDR,24164.2248
2026-08-16,ILS,4.0031
2026-08-16,INR,129.3017
2026-08-16,JPY,215.6915
2026-08-16,KRW,1918.6811
2026-08-16,MKD,72.0382
2026-08-16,MXN,23.0599
2026-08-16,MYR,5.5348
2026-08-16,NOK,12.7918
2026-08-16,NZD,2.2998
2026-08-16,PHP,83.2647
2026-08-16,PLN,5.0421
2026-08-16,RON,6.1359
2026-08-16,SEK,12.8937
2026-08-16,SGD,1.7327
2026-08-16,THB,44.893
2026-08-16,TND,3.9724
2026-08-16,TRY,64.8335
2026-08-16,USD,1.3546
2026-08-16,VND,35424.8546
2026-08-16,XOF,767.753
2026-08-16,ZAR,21.937
2026-08-17,AED,4.9768
2026-08-17,AUD,1.9062
2026-08-17,BGN,2.2881
2026-08-17,BRL,7.0516
2026-08-17,CAD,1.8795
2026-08-17,CHF,1.0985
2026-08-17,CNY,9.1341
2026-08-17,COP,4251.4749
2026-08-17,CZK,28.3048
2026-08-17,DKK,8.7456
2026-08-17,EUR,1.1697
2026-08-17,HKD,10.6293
2026-08-17,HUF,425.7499
2026-08-17,IDR,24162.4478
2026-08-17,ILS,4.0191
2026-08-17,INR,129.6687
2026-08-17,JPY,215.9015
2026-08-17,KRW,1917.5949
2026-08-17,MKD,71.9337
2026-08-17,MXN,23.079
2026-08-17,MYR,5.5025
2026-08-17,NOK,12.7626
2026-08-17,NZD,2.2945
2026-08-17,PHP,83.5715
2026-08-17,PLN,5.0468
2026-08-17,RON,6.1261
2026-08-17,SEK,12.8855
2026-08-17,SGD,1.7309
2026-08-17,THB,44.7627
2026-08-17,TND,3.9602
2026-08-17,TRY,64.9169
2026-08-17,USD,1.355
2026-08-17,VND,35509.1737
2026-08-17,XOF,767.2486
2026-08-17,ZAR,21.9787
2026-08-18,AED,4.971
2026-08-18,AUD,1.9116
2026-08-18,BGN,2.2871
2026-08-18,BRL,7.0602
2026-08-18,CAD,1.8814
2026-08-18,CHF,1.0996
2026-08-18,CNY,9.1276
2026-08-18,COP,4246.4829
2026-08-18,CZK,28.2875
2026-08-18,DKK,8.7417
2026-08-18,EUR,1.1693
2026-08-18,HKD,10.6174
2026-08-18,HUF,427.5415
2026-08-18,IDR,24140.6535
2026-08-18,ILS,4.0533
2026-08-18,INR,129.6942
2026-08-18,JPY,215.9659
2026-08-18,KRW,1913.4927
2026-08-18,MKD,71.9385
2026-08-18,MXN,23.0952
2026-08-18,MYR,5.4952
2026-08-18,NOK,12.7345
2026-08-18,NZD,2.305
2026-08-18,PHP,83.6687
2026-08-18,PLN,5.0554
2026-08-18,RON,6.1322
2026-08-18,SEK,12.908
2026-08-18,SGD,1.7304
2026-08-18,THB,44.8301
2026-08-18,TND,3.9535
2026-08-18,TRY,64.8747
2026-08-18,USD,1.3536
2026-08-18,VND,35433.6764
2026-08-18,XOF,767.0279
2026-08-18,ZAR,22.0026
2026-08-19,AED,4.9944
2026-08-19,AUD,1.9093
2026-08-19,BGN,2.2785
2026-08-19,BRL,7.0421
2026-08-19,CAD,1.8782
2026-08-19,CHF,1.085
2026-08-19,CNY,9.1522
2026-08-19,COP,4187.9473
2026-08-19,CZK,28.1497
2026-08-19,DKK,8.7089
2026-08-19,EUR,1.165
2026-08-19,HKD,10.6626
2026-08-19,HUF,424.2267
2026-08-19,IDR,24224.2987
2026-08-19,ILS,4.0486
2026-08-19,INR,129.8703
2026-08-19,JPY,215.2293
2026-08-19,KRW,1890.1875
2026-08-19,MKD,71.654
2026-08-19,MXN,23.0572
2026-08-19,MYR,5.5085
2026-08-19,NOK,12.6919
2026-08-19,NZD,2.2914
2026-08-19,PHP,83.9784
2026-08-19,PLN,5.03
2026-08-19,RON,6.1126
2026-08-19,SEK,12.8414
2026-08-19,SGD,1.729
2026-08-19,THB,44.7152
2026-08-19,TND,3.9401
2026-08-19,TRY,65.2115
2026-08-19,USD,1.36
2026-08-19,VND,35610.1631
2026-08-19,XOF,764.1812
2026-08-19,ZAR,21.8932
2026-08-20,AED,5.0106
2026-08-20,AUD,1.9164
2026-08-20,BGN,2.2833
2026-08-20,BRL,7.0872
2026-08-20,CAD,1.8803
2026-08-20,CHF,1.0909
2026-08-20,CNY,9.173
2026-08-20,COP,4145.1145
2026-08-20,CZK,28.1647
2026-08-20,DKK,8.7264
2026-08-20,EUR,1.1673
2026-08-20,HKD,10.7017
2026-08-20,HUF,425.6576
2026-08-20,IDR,24229.523
2026-08-20,ILS,4.0899
2026-08-20,INR,130.6685
2026-08-20,JPY,216.8105
2026-08-20,KRW,1898.5103
2026-08-20,MKD,71.8741
2026-08-20,MXN,23.1226
2026-08-20,MYR,5.519
2026-08-20,NOK,12.752
2026-08-20,NZD,2.2919
2026-08-20,PHP,84.2795
2026-08-20,PLN,5.0394
2026-08-20,RON,6.1298
2026-08-20,SEK,12.9299
2026-08-20,SGD,1.7348
2026-08-20,THB,44.7928
2026-08-20,TND,3.9601
2026-08-20,TRY,65.5596
2026-08-20,USD,1.3644
2026-08-20,VND,35613.7938
2026-08-20,XOF,765.7311
2026-08-20,ZAR,21.9795
2026-08-21,AED,5.0116
2026-08-21,AUD,1.9027
2026-08-21,BGN,2.2855
2026-08-21,BRL,7.0138
2026-08-21,CAD,1.8784
2026-08-21,CHF,1.0934
2026-08-21,CNY,9.171
2026-08-21,COP,4200.6344
2026-08-21,CZK,28.1715
2026-08-21,DKK,8.7352
2026-08-21,EUR,1.1685
2026-08-21,HKD,10.6973
2026-08-21,HUF,423.6199
2026-08-21,IDR,24102.6333
2026-08-21,ILS,4.076
2026-08-21,INR,130.5669
2026-08-21,JPY,216.9265
2026-08-21,KRW,1891.2608
2026-08-21,MKD,71.8522
2026-08-21,MXN,23.0879
2026-08-21,MYR,5.5103
2026-08-21,NOK,12.692
2026-08-21,NZD,2.2818
2026-08-21,PHP,84.2684
2026-08-21,PLN,5.0386
2026-08-21,RON,6.1381
2026-08-21,SEK,12.9286
2026-08-21,SGD,1.7323
2026-08-21,THB,44.6039
2026-08-21,TND,3.9528
2026-08-21,TRY,65.5479
2026-08-21,USD,1.3645
2026-08-21,VND,35643.9412
2026-08-21,XOF,766.5019
2026-08-21,ZAR,21.8516
2026-08-22,AED,5.0116
2026-08-22,AUD,1.9027
2026-08-22,BGN,2.2855
2026-08-22,BRL,7.0138
2026-08-22,CAD,1.8784
2026-08-22,CHF,1.0934
2026-08-22,CNY,9.171
2026-08-22,COP,4200.6344
2026-08-22,CZK,28.1715
2026-08-22,DKK,8.7352
2026-08-22,EUR,1.1685
2026-08-22,HKD,10.6973
2026-08-22,HUF,423.6199
2026-08-22,IDR,24102.6333
2026-08-22,ILS,4.076
2026-08-22,INR,130.5669
2026-08-22,JPY,216.9265
2026-08-22,KRW,1891.2608
2026-08-22,MKD,71.8522
2026-08-22,MXN,23.0879
2026-08-22,MYR,5.5103
2026-08-22,NOK,12.692
2026-08-22,NZD,2.2818
2026-08-22,PHP,84.2684
2026-08-22,PLN,5.0386
2026-08-22,RON,6.1381
2026-08-22,SEK,12.9286
2026-08-22,SGD,1.7323
2026-08-22,THB,44.6039
2026-08-22,TND,3.9528
2026-08-22,TRY,65.5479
2026-08-22,USD,1.3645
2026-08-22,VND,35643.9412
2026-08-22,XOF,766.5019
2026-08-22,ZAR,21.8516
2026-08-23,AED,5.0144
2026-08-23,AUD,1.9039
2026-08-23,BGN,2.2865
2026-08-23,BRL,7.0175
2026-08-23,CAD,1.8832
2026-08-23,CHF,1.0932
2026-08-23,CNY,9.177
2026-08-23,COP,4201.358
2026-08-23,CZK,28.1837
2026-08-23,DKK,8.7374
2026-08-23,EUR,1.1688
2026-08-23,HKD,10.7037
2026-08-23,HUF,423.7437
2026-08-23,IDR,24114.4
2026-08-23,ILS,4.0786
2026-08-23,INR,130.6655
2026-08-23,JPY,216.9572
2026-08-23,KRW,1892.1249
2026-08-23,MKD,71.8686
2026-08-23,MXN,23.0977
2026-08-23,MYR,5.5174
2026-08-23,NOK,12.7064
2026-08-23,NZD,2.2845
2026-08-23,PHP,84.1948
2026-08-23,PLN,5.0401
2026-08-23,RON,6.1407
2026-08-23,SEK,12.93
2026-08-23,SGD,1.7329
2026-08-23,THB,44.5745
2026-08-23,TND,3.964
2026-08-23,TRY,65.635
2026-08-23,USD,1.3654
2026-08-23,VND,35667.6419
2026-08-23,XOF,766.6627
2026-08-23,ZAR,21.8418
2026-08-24,AED,5.0082
2026-08-24,AUD,1.9062
2026-08-24,BGN,2.2861
2026-08-24,BRL,7.031
2026-08-24,CAD,1.8876
2026-08-24,CHF,1.0941
2026-08-24,CNY,9.1672
2026-08-24,COP,4186.1285
2026-08-24,CZK,28.1686
2026-08-24,DKK,8.7373
2026-08-24,EUR,1.1688
2026-08-24,HKD,10.6866
2026-08-24,HUF,424.2017
2026-08-24,IDR,24175.0592
2026-08-24,ILS,4.0933
2026-08-24,INR,130.5765
2026-08-24,JPY,217.0204
2026-08-24,KRW,1883.2462
2026-08-24,MKD,71.9074
2026-08-24,MXN,23.1123
2026-08-24,MYR,5.513
2026-08-24,NOK,12.6828
2026-08-24,NZD,2.2862
2026-08-24,PHP,84.1889
2026-08-24,PLN,5.0356
2026-08-24,RON,6.1399
2026-08-24,SEK,12.9454
2026-08-24,SGD,1.732
2026-08-24,THB,44.5799
2026-08-24,TND,3.9697
2026-08-24,TRY,65.5674
2026-08-24,USD,1.3637
2026-08-24,VND,35699.3479
2026-08-24,XOF,766.6877
2026-08-24,ZAR,21.835
2026-08-25,AED,5.0117
2026-08-25,AUD,1.9046
2026-08-25,BGN,2.2864
2026-08-25,BRL,7.0252
2026-08-25,CAD,1.8883
2026-08-25,CHF,1.0942
2026-08-25,CNY,9.1711
2026-08-25,COP,4170.4963
2026-08-25,CZK,28.1469
2026-08-25,DKK,8.7386
2026-08-25,EUR,1.1689
2026-08-25,HKD,10.6968
2026-08-25,HUF,422.0463
2026-08-25,IDR,24157.7233
2026-08-25,ILS,4.0656
2026-08-25,INR,129.9098
2026-08-25,JPY,217.282
2026-08-25,KRW,1885.6323
2026-08-25,MKD,71.9235
2026-08-25,MXN,23.1254
2026-08-25,MYR,5.5154
2026-08-25,NOK,12.7155
2026-08-25,NZD,2.2839
2026-08-25,PHP,84.1121
2026-08-25,PLN,5.0306
2026-08-25,RON,6.1448
2026-08-25,SEK,12.9022
2026-08-25,SGD,1.732
2026-08-25,THB,44.6247
2026-08-25,TND,3.9724
2026-08-25,TRY,65.6656
2026-08-25,USD,1.3647
2026-08-25,VND,35640.3706
2026-08-25,XOF,766.7761
2026-08-25,ZAR,21.7357
2026-08-26,AED,4.9933
2026-08-26,AUD,1.8934
2026-08-26,BGN,2.2816
2026-08-26,BRL,7.0006
2026-08-26,CAD,1.8866
2026-08-26,CHF,1.0947
2026-08-26,CNY,9.1404
2026-08-26,COP,4207.0662
2026-08-26,CZK,28.1475
2026-08-26,DKK,8.7208
2026-08-26,EUR,1.1666
2026-08-26,HKD,10.6582
2026-08-26,HUF,422.4399
2026-08-26,IDR,24227.3635
2026-08-26,ILS,4.0513
2026-08-26,INR,129.7512
2026-08-26,JPY,216.5373
2026-08-26,KRW,1882.245
2026-08-26,MKD,71.7813
2026-08-26,MXN,23.04
2026-08-26,MYR,5.4745
2026-08-26,NOK,12.71
2026-08-26,NZD,2.2863
2026-08-26,PHP,83.8364
2026-08-26,PLN,5.0293
2026-08-26,RON,6.1329
2026-08-26,SEK,12.9534
2026-08-26,SGD,1.7288
2026-08-26,THB,44.5943
2026-08-26,TND,3.941
2026-08-26,TRY,65.4482
2026-08-26,USD,1.3596
2026-08-26,VND,35499.7295
2026-08-26,XOF,765.2397
2026-08-26,ZAR,21.6835
2026-08-27,AED,4.9934
2026-08-27,AUD,1.8897
2026-08-27,BGN,2.2819
2026-08-27,BRL,7.0195
2026-08-27,CAD,1.8834
2026-08-27,CHF,1.093
2026-08-27,CNY,9.1408
2026-08-27,COP,4248.62
2026-08-27,CZK,28.1624
2026-08-27,DKK,8.7212
2026-08-27,EUR,1.1668
2026-08-27,HKD,10.6584
2026-08-27,HUF,425.3178
2026-08-27,IDR,24137.8637
2026-08-27,ILS,4.0337
2026-08-27,INR,129.8101
2026-08-27,JPY,216.615
2026-08-27,KRW,1877.2413
2026-08-27,MKD,71.7826
2026-08-27,MXN,23.0677
2026-08-27,MYR,5.4833
2026-08-27,NOK,12.6736
2026-08-27,NZD,2.284
2026-08-27,PHP,84.3318
2026-08-27,PLN,5.0578
2026-08-27,RON,6.1361
2026-08-27,SEK,12.9387
2026-08-27,SGD,1.7282
2026-08-27,THB,44.7065
2026-08-27,TND,3.9427
2026-08-27,TRY,65.4435
2026-08-27,USD,1.3597
2026-08-27,VND,35463.8983
2026-08-27,XOF,765.3993
2026-08-27,ZAR,21.7516
2026-08-28,AED,4.971
2026-08-28,AUD,1.8895
2026-08-28,BGN,2.2855
2026-08-28,BRL,7.0294
2026-08-28,CAD,1.8817
2026-08-28,CHF,1.0955
2026-08-28,CNY,9.104
2026-08-28,COP,4296.2343
2026-08-28,CZK,28.2023
2026-08-28,DKK,8.7345
2026-08-28,EUR,1.1685
2026-08-28,HKD,10.6105
2026-08-28,HUF,426.6775
2026-08-28,IDR,24030.5352
2026-08-28,ILS,4.0282
2026-08-28,INR,129.391
2026-08-28,JPY,216.6809
2026-08-28,KRW,1863.0578
2026-08-28,MKD,71.49
2026-08-28,MXN,23.0548
2026-08-28,MYR,5.4487
2026-08-28,NOK,12.6906
2026-08-28,NZD,2.289
2026-08-28,PHP,84.373
2026-08-28,PLN,5.0737
2026-08-28,RON,6.1421
2026-08-28,SEK,13.0027
2026-08-28,SGD,1.7251
2026-08-28,THB,44.9119
2026-08-28,TND,3.9425
2026-08-28,TRY,65.2852
2026-08-28,USD,1.3534
2026-08-28,VND,35290.7364
2026-08-28,XOF,766.5034
2026-08-28,ZAR,21.8827
2026-08-29,AED,4.971
2026-08-29,AUD,1.8895
2026-08-29,BGN,2.2855
2026-08-29,BRL,7.0294
2026-08-29,CAD,1.8817
2026-08-29,CHF,1.0955
2026-08-29,CNY,9.104
2026-08-29,COP,4296.2343
2026-08-29,CZK,28.2023
2026-08-29,DKK,8.7345
2026-08-29,EUR,1.1685
2026-08-29,HKD,10.6105
2026-08-29,HUF,426.6775
2026-08-29,IDR,24030.5352
2026-08-29,ILS,4.0282
2026-08-29,INR,129.391
2026-08-29,JPY,216.6809
2026-08-29,KRW,1863.0578
2026-08-29,MKD,71.49
2026-08-29,MXN,23.0548
2026-08-29,MYR,5.4487
2026-08-29,NOK,12.6906
2026-08-29,NZD,2.289
2026-08-29,PHP,84.373
2026-08-29,PLN,5.0737
2026-08-29,RON,6.1421
2026-08-29,SEK,13.0027
2026-08-29,SGD,1.7251
2026-08-29,THB,44.9119
2026-08-29,TND,3.9425
2026-08-29,TRY,65.2852
2026-08-29,USD,1.3534
2026-08-29,VND,35290.7364
2026-08-29,XOF,766.5034
2026-08-29,ZAR,21.8827
2026-08-30,AED,4.9725
2026-08-30,AUD,1.8913
2026-08-30,BGN,2.2852
2026-08-30,BRL,7.0304
2026-08-30,CAD,1.8821
2026-08-30,CHF,1.0953
2026-08-30,CNY,9.1079
2026-08-30,COP,4295.7311
2026-08-30,CZK,28.1987
2026-08-30,DKK,8.734
2026-08-30,EUR,1.1684
2026-08-30,HKD,10.6151
2026-08-30,HUF,426.6802
2026-08-30,IDR,24044.956
2026-08-30,ILS,4.0299
2026-08-30,INR,129.1425
2026-08-30,JPY,216.8155
2026-08-30,KRW,1865.8483
2026-08-30,MKD,71.9029
2026-08-30,MXN,23.0652
2026-08-30,MYR,5.4508
2026-08-30,NOK,12.6807
2026-08-30,NZD,2.2875
2026-08-30,PHP,84.4486
2026-08-30,PLN,5.0721
2026-08-30,RON,6.1447
2026-08-30,SEK,13.0083
2026-08-30,SGD,1.7259
2026-08-30,THB,44.7894
2026-08-30,TND,3.971
2026-08-30,TRY,65.3305
2026-08-30,USD,1.354
2026-08-30,VND,35324.0665
2026-08-30,XOF,766.4062
2026-08-30,ZAR,21.8959
2026-08-31,AED,4.9757
2026-08-31,AUD,1.8894
2026-08-31,BGN,2.281
2026-08-31,BRL,7.0239
2026-08-31,CAD,1.8769
2026-08-31,CHF,1.0952
2026-08-31,CNY,9.1139
2026-08-31,COP,4275.4878
2026-08-31,CZK,28.17
2026-08-31,DKK,8.7168
2026-08-31,EUR,1.1662
2026-08-31,HKD,10.6204
2026-08-31,HUF,425.9774
2026-08-31,IDR,24005.3037
2026-08-31,ILS,4.0616
2026-08-31,INR,128.8668
2026-08-31,JPY,216.4457
2026-08-31,KRW,1852.9511
2026-08-31,MKD,71.7447
2026-08-31,MXN,23.0326
2026-08-31,MYR,5.4567
2026-08-31,NOK,12.6565
2026-08-31,NZD,2.2881
2026-08-31,PHP,84.6632
2026-08-31,PLN,5.0503
2026-08-31,RON,6.1329
2026-08-31,SEK,12.9762
2026-08-31,SGD,1.7219
2026-08-31,THB,44.9075
2026-08-31,TND,3.9627
2026-08-31,TRY,65.4039
2026-08-31,USD,1.3549
2026-08-31,VND,35328.7963
2026-08-31,XOF,764.9862
2026-08-31,ZAR,21.8225
2026-09-01,AED,4.9629
2026-09-01,AUD,1.891
2026-09-01,BGN,2.28
2026-09-01,BRL,6.9646
2026-09-01,CAD,1.8778
2026-09-01,CHF,1.0972
2026-09-01,CNY,9.0829
2026-09-01,COP,4357.6053
2026-09-01,CZK,28.2133
2026-09-01,DKK,8.7149
2026-09-01,EUR,1.1658
2026-09-01,HKD,10.5962
2026-09-01,HUF,429.4146
2026-09-01,IDR,23960.6484
2026-09-01,ILS,4.0873
2026-09-01,INR,128.3163
2026-09-01,JPY,216.4911
2026-09-01,KRW,1855.5274
2026-09-01,MKD,71.7226
2026-09-01,MXN,22.9646
2026-09-01,MYR,5.4603
2026-09-01,NOK,12.6065
2026-09-01,NZD,2.2929
2026-09-01,PHP,84.4559
2026-09-01,PLN,5.0533
2026-09-01,RON,6.1276
2026-09-01,SEK,13.0013
2026-09-01,SGD,1.7208
2026-09-01,THB,45.0233
2026-09-01,TND,3.9549
2026-09-01,TRY,65.2537
2026-09-01,USD,1.3514
2026-09-01,VND,35238.0853
2026-09-01,XOF,764.7362
2026-09-01,ZAR,21.8504
2026-09-02,AED,4.9521
2026-09-02,AUD,1.8818
2026-09-02,BGN,2.2762
2026-09-02,BRL,6.8702
2026-09-02,CAD,1.8668
2026-09-02,CHF,1.0961
2026-09-02,CNY,9.0594
2026-09-02,COP,4258.9017
2026-09-02,CZK,28.1548
2026-09-02,DKK,8.6997
2026-09-02,EUR,1.1638
2026-09-02,HKD,10.573
2026-09-02,HUF,427.9924
2026-09-02,IDR,23905.7287
2026-09-02,ILS,4.0765
2026-09-02,INR,127.3966
2026-09-02,JPY,214.2754
2026-09-02,KRW,1832.8776
2026-09-02,MKD,71.5813
2026-09-02,MXN,22.9054
2026-09-02,MYR,5.4472
2026-09-02,NOK,12.5641
2026-09-02,NZD,2.3043
2026-09-02,PHP,84.3755
2026-09-02,PLN,5.0391
2026-09-02,RON,6.1161
2026-09-02,SEK,12.9875
2026-09-02,SGD,1.7141
2026-09-02,THB,44.736
2026-09-02,TND,3.9302
2026-09-02,TRY,65.146
2026-09-02,USD,1.3483
2026-09-02,VND,35157.3168
2026-09-02,XOF,763.3808
2026-09-02,ZAR,21.6623
2026-09-03,AED,4.9684
2026-09-03,AUD,1.8788
2026-09-03,BGN,2.2757
2026-09-03,BRL,6.9037
2026-09-03,CAD,1.8657
2026-09-03,CHF,1.0924
2026-09-03,CNY,9.0897
2026-09-03,COP,4263.1696
2026-09-03,CZK,28.1268
2026-09-03,DKK,8.6958
2026-09-03,EUR,1.1634
2026-09-03,HKD,10.6065
2026-09-03,HUF,421.1977
2026-09-03,IDR,23843.3953
2026-09-03,ILS,4.0722
2026-09-03,INR,127.8401
2026-09-03,JPY,210.588
2026-09-03,KRW,1835.1025
2026-09-03,MKD,71.5894
2026-09-03,MXN,22.8799
2026-09-03,MYR,5.4698
2026-09-03,NOK,12.5632
2026-09-03,NZD,2.299
2026-09-03,PHP,84.5479
2026-09-03,PLN,5.0275
2026-09-03,RON,6.1085
2026-09-03,SEK,12.901
2026-09-03,SGD,1.7138
2026-09-03,THB,44.5096
2026-09-03,TND,3.9447
2026-09-03,TRY,65.5242
2026-09-03,USD,1.3529
2026-09-03,VND,35277.0339
2026-09-03,XOF,763.163
2026-09-03,ZAR,21.6365
2026-09-04,AED,4.9647
2026-09-04,AUD,1.8763
2026-09-04,BGN,2.2765
2026-09-04,BRL,6.9316
2026-09-04,CAD,1.8704
2026-09-04,CHF,1.0949
2026-09-04,CNY,9.071
2026-09-04,COP,4249.5851
2026-09-04,CZK,28.1591
2026-09-04,DKK,8.6989
2026-09-04,EUR,1.1639
2026-09-04,HKD,10.5983
2026-09-04,HUF,421.6891
2026-09-04,IDR,23830.4922
2026-09-04,ILS,4.0718
2026-09-04,INR,127.6354
2026-09-04,JPY,211.1991
2026-09-04,KRW,1818.0988
2026-09-04,MKD,71.5507
2026-09-04,MXN,22.8253
2026-09-04,MYR,5.4665
2026-09-04,NOK,12.5813
2026-09-04,NZD,2.2986
2026-09-04,PHP,84.7021
2026-09-04,PLN,5.0159
2026-09-04,RON,6.1106
2026-09-04,SEK,12.9352
2026-09-04,SGD,1.712
2026-09-04,THB,44.4901
2026-09-04,TND,3.9293
2026-09-04,TRY,65.4653
2026-09-04,USD,1.3517
2026-09-04,VND,35227.1441
2026-09-04,XOF,763.4458
2026-09-04,ZAR,21.5704
2026-09-05,AED,4.9647
2026-09-05,AUD,1.8763
2026-09-05,BGN,2.2765
2026-09-05,BRL,6.9316
2026-09-05,CAD,1.8704
2026-09-05,CHF,1.0949
2026-09-05,CNY,9.071
2026-09-05,COP,4249.5851
2026-09-05,CZK,28.1591
2026-09-05,DKK,8.6989
2026-09-05,EUR,1.1639
2026-09-05,HKD,10.5983
2026-09-05,HUF,421.6891
2026-09-05,IDR,23830.4922
2026-09-05,ILS,4.0718
2026-09-05,INR,127.6354
2026-09-05,JPY,211.1991
2026-09-05,KRW,1818.0988
2026-09-05,MKD,71.5507
2026-09-05,MXN,22.8253
2026-09-05,MYR,5.4665
2026-09-05,NOK,12.5813
2026-09-05,NZD,2.2986
2026-09-05,PHP,84.7021
2026-09-05,PLN,5.0159
2026-09-05,RON,6.1106
2026-09-05,SEK,12.9352
2026-09-05,SGD,1.712
2026-09-05,THB,44.4901
2026-09-05,TND,3.9293
2026-09-05,TRY,65.4653
2026-09-05,USD,1.3517
2026-09-05,VND,35227.1441
2026-09-05,XOF,763.4458
2026-09-05,ZAR,21.5704
2026-09-06,AED,4.9642
2026-09-06,AUD,1.8759
2026-09-06,BGN,2.2762
2026-09-06,BRL,6.931
2026-09-06,CAD,1.8699
2026-09-06,CHF,1.0948
2026-09-06,CNY,9.0707
2026-09-06,COP,4249.7474
2026-09-06,CZK,28.1575
2026-09-06,DKK,8.6999
2026-09-06,EUR,1.1639
2026-09-06,HKD,10.5979
2026-09-06,HUF,421.4645
2026-09-06,IDR,23851.6792
2026-09-06,ILS,4.0718
2026-09-06,INR,127.6394
2026-09-06,JPY,211.1569
2026-09-06,KRW,1819.4571
2026-09-06,MKD,71.5586
2026-09-06,MXN,22.8278
2026-09-06,MYR,5.4664
2026-09-06,NOK,12.5729
2026-09-06,NZD,2.298
2026-09-06,PHP,84.6689
2026-09-06,PLN,5.0192
2026-09-06,RON,6.112
2026-09-06,SEK,12.9468
2026-09-06,SGD,1.7128
2026-09-06,THB,44.5106
2026-09-06,TND,3.9356
2026-09-06,TRY,65.4712
2026-09-06,USD,1.3517
2026-09-06,VND,35227.3823
2026-09-06,XOF,763.4725
2026-09-06,ZAR,21.5796
2026-09-07,AED,4.9749
2026-09-07,AUD,1.8761
2026-09-07,BGN,2.2786
2026-09-07,BRL,6.9468
2026-09-07,CAD,1.8701
2026-09-07,CHF,1.0958
2026-09-07,CNY,9.0912
2026-09-07,COP,4255.9728
2026-09-07,CZK,28.19
2026-09-07,DKK,8.7084
2026-09-07,EUR,1.165
2026-09-07,HKD,10.6201
2026-09-07,HUF,423.3137
2026-09-07,IDR,23937.6849
2026-09-07,ILS,4.0781
2026-09-07,INR,128.0022
2026-09-07,JPY,208.3773
2026-09-07,KRW,1821.1602
2026-09-07,MKD,71.6939
2026-09-07,MXN,22.9594
2026-09-07,MYR,5.481
2026-09-07,NOK,12.5541
2026-09-07,NZD,2.3033
2026-09-07,PHP,84.9152
2026-09-07,PLN,5.0215
2026-09-07,RON,6.1174
2026-09-07,SEK,12.9954
2026-09-07,SGD,1.7143
2026-09-07,THB,44.5133
2026-09-07,TND,3.9523
2026-09-07,TRY,65.6399
2026-09-07,USD,1.3546
2026-09-07,VND,35249.3778
2026-09-07,XOF,764.1942
2026-09-07,ZAR,21.6547
2026-09-08,AED,4.9735
2026-09-08,AUD,1.8757
2026-09-08,BGN,2.2779
2026-09-08,BRL,6.8895
2026-09-08,CAD,1.8659
2026-09-08,CHF,1.0958
2026-09-08,CNY,9.0875
2026-09-08,COP,4216.6548
2026-09-08,CZK,28.1786
2026-09-08,DKK,8.706
2026-09-08,EUR,1.1647
2026-09-08,HKD,10.6194
2026-09-08,HUF,423.4268
2026-09-08,IDR,23830.0725
2026-09-08,ILS,4.0794
2026-09-08,INR,128.4494
2026-09-08,JPY,207.8624
2026-09-08,KRW,1815.1957
2026-09-08,MKD,71.6672
2026-09-08,MXN,22.9025
2026-09-08,MYR,5.4956
2026-09-08,NOK,12.4838
2026-09-08,NZD,2.3119
2026-09-08,PHP,84.6414
2026-09-08,PLN,5.0236
2026-09-08,RON,6.1175
2026-09-08,SEK,12.9804
2026-09-08,SGD,1.7125
2026-09-08,THB,44.5688
2026-09-08,TND,3.9351
2026-09-08,TRY,65.6383
2026-09-08,USD,1.3543
2026-09-08,VND,35184.8018
2026-09-08,XOF,764.0196
2026-09-08,ZAR,21.6818
2026-09-09,AED,4.9759
2026-09-09,AUD,1.8762
2026-09-09,BGN,2.2776
2026-09-09,BRL,6.9184
2026-09-09,CAD,1.8704
2026-09-09,CHF,1.0974
2026-09-09,CNY,9.0899
2026-09-09,COP,4215.2248
2026-09-09,CZK,28.2541
2026-09-09,DKK,8.7052
2026-09-09,EUR,1.1645
2026-09-09,HKD,10.6253
2026-09-09,HUF,424.1112
2026-09-09,IDR,23720.2332
2026-09-09,ILS,4.0924
2026-09-09,INR,128.8676
2026-09-09,JPY,208.0467
2026-09-09,KRW,1815.757
2026-09-09,MKD,71.6377
2026-09-09,MXN,22.8871
2026-09-09,MYR,5.5104
2026-09-09,NOK,12.4606
2026-09-09,NZD,2.3183
2026-09-09,PHP,84.6352
2026-09-09,PLN,5.0253
2026-09-09,RON,6.1172
2026-09-09,SEK,12.9948
2026-09-09,SGD,1.7128
2026-09-09,THB,44.6168
2026-09-09,TND,3.9169
2026-09-09,TRY,65.7022
2026-09-09,USD,1.3549
2026-09-09,VND,35101.029
2026-09-09,XOF,763.866
2026-09-09,ZAR,21.7354
2026-09-10,AED,4.9613
2026-09-10,AUD,1.8879
2026-09-10,BGN,2.2758
2026-09-10,BRL,6.8961
2026-09-10,CAD,1.8691
2026-09-10,CHF,1.0986
2026-09-10,CNY,9.0601
2026-09-10,COP,4199.0624
2026-09-10,CZK,28.2194
2026-09-10,DKK,8.6972
2026-09-10,EUR,1.1635
2026-09-10,HKD,10.5931
2026-09-10,HUF,425.2088
2026-09-10,IDR,23771.2888
2026-09-10,ILS,4.1153
2026-09-10,INR,129.2759
2026-09-10,JPY,208.6856
2026-09-10,KRW,1822.6643
2026-09-10,MKD,71.5917
2026-09-10,MXN,22.948
2026-09-10,MYR,5.4931
2026-09-10,NOK,12.5272
2026-09-10,NZD,2.3271
2026-09-10,PHP,84.7366
2026-09-10,PLN,5.0342
2026-09-10,RON,6.1125
2026-09-10,SEK,13.087
2026-09-10,SGD,1.7132
2026-09-10,THB,44.7966
2026-09-10,TND,3.9355
2026-09-10,TRY,65.6582
2026-09-10,USD,1.3509
2026-09-10,VND,35025.2097
2026-09-10,XOF,763.2243
2026-09-10,ZAR,21.8918
2026-09-11,AED,4.9681
2026-09-11,AUD,1.8864
2026-09-11,BGN,2.2815
2026-09-11,BRL,6.9284
2026-09-11,CAD,1.8765
2026-09-11,CHF,1.1045
2026-09-11,CNY,9.0749
2026-09-11,COP,4180.2929
2026-09-11,CZK,28.267
2026-09-11,DKK,8.7179
2026-09-11,EUR,1.1663
2026-09-11,HKD,10.6094
2026-09-11,HUF,424.0093
2026-09-11,IDR,23816.6298
2026-09-11,ILS,4.1006
2026-09-11,INR,129.3157
2026-09-11,JPY,207.6788
2026-09-11,KRW,1814.6977
2026-09-11,MKD,71.7699
2026-09-11,MXN,22.9605
2026-09-11,MYR,5.5062
2026-09-11,NOK,12.5675
2026-09-11,NZD,2.3272
2026-09-11,PHP,84.7743
2026-09-11,PLN,5.0425
2026-09-11,RON,6.1278
2026-09-11,SEK,13.123
2026-09-11,SGD,1.714
2026-09-11,THB,44.7231
2026-09-11,TND,3.9467
2026-09-11,TRY,65.6264
2026-09-11,USD,1.3528
2026-09-11,VND,35064.4005
2026-09-11,XOF,765.0328
2026-09-11,ZAR,21.8187
2026-09-12,AED,4.9681
2026-09-12,AUD,1.8864
2026-09-12,BGN,2.2815
2026-09-12,BRL,6.9284
2026-09-12,CAD,1.8765
2026-09-12,CHF,1.1045
2026-09-12,CNY,9.0749
2026-09-12,COP,4180.2929
2026-09-12,CZK,28.267
2026-09-12,DKK,8.7179
2026-09-12,EUR,1.1663
2026-09-12,HKD,10.6094
2026-09-12,HUF,424.0093
2026-09-12,IDR,23816.6298
2026-09-12,ILS,4.1006
2026-09-12,INR,129.3157
2026-09-12,JPY,207.6788
2026-09-12,KRW,1814.6977
2026-09-12,MKD,71.7699
2026-09-12,MXN,22.9605
2026-09-12,MYR,5.5062
2026-09-12,NOK,12.5675
2026-09-12,NZD,2.3272
2026-09-12,PHP,84.7743
2026-09-12,PLN,5.0425
2026-09-12,RON,6.1278
2026-09-12,SEK,13.123
2026-09-12,SGD,1.714
2026-09-12,THB,44.7231
2026-09-12,TND,3.9467
2026-09-12,TRY,65.6264
2026-09-12,USD,1.3528
2026-09-12,VND,35064.4005
2026-09-12,XOF,765.0328
2026-09-12,ZAR,21.8187
2026-09-13,AED,4.9676
2026-09-13,AUD,1.8911
2026-09-13,BGN,2.282
2026-09-13,BRL,6.9208
2026-09-13,CAD,1.8757
2026-09-13,CHF,1.1046
2026-09-13,CNY,9.0851
2026-09-13,COP,4181.4355
2026-09-13,CZK,28.2716
2026-09-13,DKK,8.7205
2026-09-13,EUR,1.1666
2026-09-13,HKD,10.6076
2026-09-13,HUF,424.3312
2026-09-13,IDR,23855.5686
2026-09-13,ILS,4.1002
2026-09-13,INR,128.5427
2026-09-13,JPY,207.5085
2026-09-13,KRW,1819.5415
2026-09-13,MKD,71.6883
2026-09-13,MXN,22.9814
2026-09-13,MYR,5.4708
2026-09-13,NOK,12.5703
2026-09-13,NZD,2.3275
2026-09-13,PHP,84.8114
2026-09-13,PLN,5.0451
2026-09-13,RON,6.1283
2026-09-13,SEK,13.1266
2026-09-13,SGD,1.7139
2026-09-13,THB,44.7634
2026-09-13,TND,3.9316
2026-09-13,TRY,65.7542
2026-09-13,USD,1.3526
2026-09-13,VND,35068.9847
2026-09-13,XOF,765.2548
2026-09-13,ZAR,21.8868
2026-09-14,AED,4.9583
2026-09-14,AUD,1.8915
2026-09-14,BGN,2.2867
2026-09-14,BRL,6.9389
2026-09-14,CAD,1.8766
2026-09-14,CHF,1.1034
2026-09-14,CNY,9.0637
2026-09-14,COP,4187.6883
2026-09-14,CZK,28.3767
2026-09-14,DKK,8.7396
2026-09-14,EUR,1.1691
2026-09-14,HKD,10.5891
2026-09-14,HUF,427.2137
2026-09-14,IDR,23840.9096
2026-09-14,ILS,4.122
2026-09-14,INR,129.3887
2026-09-14,JPY,208.4575
2026-09-14,KRW,1818.6983
2026-09-14,MKD,71.9182
2026-09-14,MXN,23.1344
2026-09-14,MYR,5.4607
2026-09-14,NOK,12.5945
2026-09-14,NZD,2.3366
2026-09-14,PHP,84.8207
2026-09-14,PLN,5.0738
2026-09-14,RON,6.1429
2026-09-14,SEK,13.1783
2026-09-14,SGD,1.7151
2026-09-14,THB,44.8493
2026-09-14,TND,3.9376
2026-09-14,TRY,65.6553
2026-09-14,USD,1.3501
2026-09-14,VND,35086.0372
2026-09-14,XOF,766.8644
2026-09-14,ZAR,21.9397
2026-09-15,AED,4.9477
2026-09-15,AUD,1.8907
2026-09-15,BGN,2.2839
2026-09-15,BRL,6.9306
2026-09-15,CAD,1.876
2026-09-15,CHF,1.1035
2026-09-15,CNY,9.0489
2026-09-15,COP,4179.5014
2026-09-15,CZK,28.3679
2026-09-15,DKK,8.7291
2026-09-15,EUR,1.1677
2026-09-15,HKD,10.5683
2026-09-15,HUF,426.7907
2026-09-15,IDR,23806.6881
2026-09-15,ILS,4.0995
2026-09-15,INR,129.3237
2026-09-15,JPY,209.185
2026-09-15,KRW,1838.1047
2026-09-15,MKD,71.8137
2026-09-15,MXN,23.1038
2026-09-15,MYR,5.4488
2026-09-15,NOK,12.5973
2026-09-15,NZD,2.3428
2026-09-15,PHP,84.6593
2026-09-15,PLN,5.0697
2026-09-15,RON,6.1409
2026-09-15,SEK,13.1764
2026-09-15,SGD,1.7153
2026-09-15,THB,44.8759
2026-09-15,TND,3.9353
2026-09-15,TRY,65.5532
2026-09-15,USD,1.3472
2026-09-15,VND,34983.6531
2026-09-15,XOF,765.9536
2026-09-15,ZAR,21.9217
2026-09-16,AED,4.9147
2026-09-16,AUD,1.8879
2026-09-16,BGN,2.282
2026-09-16,BRL,6.8953
2026-09-16,CAD,1.8719
2026-09-16,CHF,1.1045
2026-09-16,CNY,8.9766
2026-09-16,COP,4194.6181
2026-09-16,CZK,28.379
2026-09-16,DKK,8.7226
2026-09-16,EUR,1.1668
2026-09-16,HKD,10.4976
2026-09-16,HUF,426.1267
2026-09-16,IDR,23719.4428
2026-09-16,ILS,4.0515
2026-09-16,INR,128.6495
2026-09-16,JPY,208.8182
2026-09-16,KRW,1843.651
2026-09-16,MKD,71.8247
2026-09-16,MXN,23.074
2026-09-16,MYR,5.4551
2026-09-16,NOK,12.6088
2026-09-16,NZD,2.34
2026-09-16,PHP,84.0689
2026-09-16,PLN,5.0906
2026-09-16,RON,6.1411
2026-09-16,SEK,13.1877
2026-09-16,SGD,1.7101
2026-09-16,THB,44.712
2026-09-16,TND,3.9144
2026-09-16,TRY,65.139
2026-09-16,USD,1.3383
2026-09-16,VND,34795.9168
2026-09-16,XOF,765.3884
2026-09-16,ZAR,21.9176
2026-09-17,AED,4.9055
2026-09-17,AUD,1.8771
2026-09-17,BGN,2.2761
2026-09-17,BRL,6.8493
2026-09-17,CAD,1.8686
2026-09-17,CHF,1.1019
2026-09-17,CNY,8.9584
2026-09-17,COP,4173.8367
2026-09-17,CZK,28.298
2026-09-17,DKK,8.7006
2026-09-17,EUR,1.1639
2026-09-17,HKD,10.4793
2026-09-17,HUF,422.3571
2026-09-17,IDR,23726.879
2026-09-17,ILS,4.0516
2026-09-17,INR,127.9483
2026-09-17,JPY,208.5644
2026-09-17,KRW,1843.8153
2026-09-17,MKD,71.6064
2026-09-17,MXN,22.9281
2026-09-17,MYR,5.4743
2026-09-17,NOK,12.5819
2026-09-17,NZD,2.3321
2026-09-17,PHP,83.7613
2026-09-17,PLN,5.0713
2026-09-17,RON,6.1238
2026-09-17,SEK,13.1205
2026-09-17,SGD,1.7042
2026-09-17,THB,44.439
2026-09-17,TND,3.9299
2026-09-17,TRY,65.1598
2026-09-17,USD,1.3356
2026-09-17,VND,34744.6935
2026-09-17,XOF,763.4494
2026-09-17,ZAR,21.714
2026-09-18,AED,4.9199
2026-09-18,AUD,1.8798
2026-09-18,BGN,2.2809
2026-09-18,BRL,6.8881
2026-09-18,CAD,1.8732
2026-09-18,CHF,1.1011
2026-09-18,CNY,8.9739
2026-09-18,COP,4232.5279
2026-09-18,CZK,28.3918
2026-09-18,DKK,8.7179
2026-09-18,EUR,1.1662
2026-09-18,HKD,10.5082
2026-09-18,HUF,424.822
2026-09-18,IDR,23859.4247
2026-09-18,ILS,4.0675
2026-09-18,INR,128.5789
2026-09-18,JPY,210.139
2026-09-18,KRW,1856.1445
2026-09-18,MKD,71.857
2026-09-18,MXN,23.0785
2026-09-18,MYR,5.4699
2026-09-18,NOK,12.6028
2026-09-18,NZD,2.3404
2026-09-18,PHP,84.266
2026-09-18,PLN,5.089
2026-09-18,RON,6.1384
2026-09-18,SEK,13.1678
2026-09-18,SGD,1.7095
2026-09-18,THB,44.6311
2026-09-18,TND,3.9416
2026-09-18,TRY,65.3223
2026-09-18,USD,1.3395
2026-09-18,VND,34863.8235
2026-09-18,XOF,764.9776
2026-09-18,ZAR,21.7765
2026-09-19,AED,4.9199
2026-09-19,AUD,1.8798
2026-09-19,BGN,2.2809
2026-09-19,BRL,6.8881
2026-09-19,CAD,1.8732
2026-09-19,CHF,1.1011
2026-09-19,CNY,8.9739
2026-09-19,COP,4232.5279
2026-09-19,CZK,28.3918
2026-09-19,DKK,8.7179
2026-09-19,EUR,1.1662
2026-09-19,HKD,10.5082
2026-09-19,HUF,424.822
2026-09-19,IDR,23859.4247
2026-09-19,ILS,4.0675
2026-09-19,INR,128.5789
2026-09-19,JPY,210.139
2026-09-19,KRW,1856.1445
2026-09-19,MKD,71.857
2026-09-19,MXN,23.0785
2026-09-19,MYR,5.4699
2026-09-19,NOK,12.6028
2026-09-19,NZD,2.3404
2026-09-19,PHP,84.266
2026-09-19,PLN,5.089
2026-09-19,RON,6.1384
2026-09-19,SEK,13.1678
2026-09-19,SGD,1.7095
2026-09-19,THB,44.6311
2026-09-19,TND,3.9416
2026-09-19,TRY,65.3223
2026-09-19,USD,1.3395
2026-09-19,VND,34863.8235
2026-09-19,XOF,764.9776
2026-09-19,ZAR,21.7765
2026-09-20,AED,4.9172
2026-09-20,AUD,1.8803
2026-09-20,BGN,2.2813
2026-09-20,BRL,6.8847
2026-09-20,CAD,1.8737
2026-09-20,CHF,1.1015
2026-09-20,CNY,8.9674
2026-09-20,COP,4233.3502
2026-09-20,CZK,28.3923
2026-09-20,DKK,8.7202
2026-09-20,EUR,1.1665
2026-09-20,HKD,10.5035
2026-09-20,HUF,425.2308
2026-09-20,IDR,23848.9786
2026-09-20,ILS,4.0657
2026-09-20,INR,128.5514
2026-09-20,JPY,210.2796
2026-09-20,KRW,1855.409
2026-09-20,MKD,71.7019
2026-09-20,MXN,23.0705
2026-09-20,MYR,5.4675
2026-09-20,NOK,12.6008
2026-09-20,NZD,2.3409
2026-09-20,PHP,84.1996
2026-09-20,PLN,5.0899
2026-09-20,RON,6.1415
2026-09-20,SEK,13.1723
2026-09-20,SGD,1.7086
2026-09-20,THB,44.7546
2026-09-20,TND,3.9131
2026-09-20,TRY,65.3073
2026-09-20,USD,1.3389
2026-09-20,VND,34839.4915
2026-09-20,XOF,765.1496
2026-09-20,ZAR,21.7614
2026-09-21,AED,4.9096
2026-09-21,AUD,1.878
2026-09-21,BGN,2.2808
2026-09-21,BRL,6.8338
2026-09-21,CAD,1.8762
2026-09-21,CHF,1.0976
2026-09-21,CNY,8.9509
2026-09-21,COP,4235.0952
2026-09-21,CZK,28.3639
2026-09-21,DKK,8.7178
2026-09-21,EUR,1.1662
2026-09-21,HKD,10.4879
2026-09-21,HUF,421.6621
2026-09-21,IDR,23863.8011
2026-09-21,ILS,4.0293
2026-09-21,INR,127.953
2026-09-21,JPY,210.3994
2026-09-21,KRW,1836.7111
2026-09-21,MKD,71.7348
2026-09-21,MXN,23.0184
2026-09-21,MYR,5.4514
2026-09-21,NOK,12.6248
2026-09-21,NZD,2.3412
2026-09-21,PHP,83.8974
2026-09-21,PLN,5.068
2026-09-21,RON,6.1379
2026-09-21,SEK,13.1553
2026-09-21,SGD,1.7061
2026-09-21,THB,44.4266
2026-09-21,TND,3.9354
2026-09-21,TRY,65.2561
2026-09-21,USD,1.3369
2026-09-21,VND,34795.683
2026-09-21,XOF,764.9635
2026-09-21,ZAR,21.7156
2026-09-22,AED,4.9002
2026-09-22,AUD,1.8761
2026-09-22,BGN,2.2796
2026-09-22,BRL,6.8043
2026-09-22,CAD,1.8768
2026-09-22,CHF,1.0953
2026-09-22,CNY,8.9396
2026-09-22,COP,4275.51
2026-09-22,CZK,28.3803
2026-09-22,DKK,8.7135
2026-09-22,EUR,1.1656
2026-09-22,HKD,10.4651
2026-09-22,HUF,421.7694
2026-09-22,IDR,23763.1549
2026-09-22,ILS,4.0226
2026-09-22,INR,127.68
2026-09-22,JPY,210.1258
2026-09-22,KRW,1802.9635
2026-09-22,MKD,71.7006
2026-09-22,MXN,23.0833
2026-09-22,MYR,5.4375
2026-09-22,NOK,12.5977
2026-09-22,NZD,2.3312
2026-09-22,PHP,83.4425
2026-09-22,PLN,5.0694
2026-09-22,RON,6.1501
2026-09-22,SEK,13.1235
2026-09-22,SGD,1.7013
2026-09-22,THB,44.186
2026-09-22,TND,3.9382
2026-09-22,TRY,65.1661
2026-09-22,USD,1.3343
2026-09-22,VND,34711.2682
2026-09-22,XOF,764.568
2026-09-22,ZAR,21.5875
2026-09-23,AED,4.8617
2026-09-23,AUD,1.8822
2026-09-23,BGN,2.2748
2026-09-23,BRL,6.8391
2026-09-23,CAD,1.8673
2026-09-23,CHF,1.0924
2026-09-23,CNY,8.883
2026-09-23,COP,4253.6171
2026-09-23,CZK,28.3998
2026-09-23,DKK,8.6955
2026-09-23,EUR,1.1632
2026-09-23,HKD,10.3823
2026-09-23,HUF,424.9985
2026-09-23,IDR,23643.6992
2026-09-23,ILS,4.0163
2026-09-23,INR,126.7436
2026-09-23,JPY,209.5244
2026-09-23,KRW,1807.5462
2026-09-23,MKD,71.549
2026-09-23,MXN,23.226
2026-09-23,MYR,5.4095
2026-09-23,NOK,12.5579
2026-09-23,NZD,2.3334
2026-09-23,PHP,83.1055
2026-09-23,PLN,5.0923
2026-09-23,RON,6.1356
2026-09-23,SEK,13.1324
2026-09-23,SGD,1.6949
2026-09-23,THB,44.2702
2026-09-23,TND,3.9046
2026-09-23,TRY,64.6809
2026-09-23,USD,1.3238
2026-09-23,VND,34438.3642
2026-09-23,XOF,762.9769
2026-09-23,ZAR,21.6735
2026-09-24,AED,4.8514
2026-09-24,AUD,1.8858
2026-09-24,BGN,2.2711
2026-09-24,BRL,6.8587
2026-09-24,CAD,1.8688
2026-09-24,CHF,1.0941
2026-09-24,CNY,8.8658
2026-09-24,COP,4327.0634
2026-09-24,CZK,28.3482
2026-09-24,DKK,8.6824
2026-09-24,EUR,1.1614
2026-09-24,HKD,10.3601
2026-09-24,HUF,425.0734
2026-09-24,IDR,23589.45
2026-09-24,ILS,4.0254
2026-09-24,INR,127.031
2026-09-24,JPY,209.8186
2026-09-24,KRW,1808.784
2026-09-24,MKD,71.4506
2026-09-24,MXN,23.4399
2026-09-24,MYR,5.3949
2026-09-24,NOK,12.5739
2026-09-24,NZD,2.3359
2026-09-24,PHP,82.7117
2026-09-24,PLN,5.0901
2026-09-24,RON,6.1271
2026-09-24,SEK,13.1175
2026-09-24,SGD,1.6908
2026-09-24,THB,44.2432
2026-09-24,TND,3.9082
2026-09-24,TRY,64.6699
2026-09-24,USD,1.321
2026-09-24,VND,34338.6847
2026-09-24,XOF,761.8496
2026-09-24,ZAR,21.7199
2026-09-25,AED,4.8652
2026-09-25,AUD,1.8857
2026-09-25,BGN,2.2741
2026-09-25,BRL,6.8635
2026-09-25,CAD,1.873
2026-09-25,CHF,1.0975
2026-09-25,CNY,8.8923
2026-09-25,COP,4381.7219
2026-09-25,CZK,28.329
2026-09-25,DKK,8.6928
2026-09-25,EUR,1.1627
2026-09-25,HKD,10.3902
2026-09-25,HUF,424.638
2026-09-25,IDR,23729.7481
2026-09-25,ILS,4.0375
2026-09-25,INR,126.9188
2026-09-25,JPY,208.3413
2026-09-25,KRW,1796.1091
2026-09-25,MKD,71.498
2026-09-25,MXN,23.4182
2026-09-25,MYR,5.3965
2026-09-25,NOK,12.5938
2026-09-25,NZD,2.3383
2026-09-25,PHP,82.5845
2026-09-25,PLN,5.0832
2026-09-25,RON,6.1312
2026-09-25,SEK,13.1379
2026-09-25,SGD,1.6922
2026-09-25,THB,44.2514
2026-09-25,TND,3.9178
2026-09-25,TRY,64.8467
2026-09-25,USD,1.3246
2026-09-25,VND,34405.053
2026-09-25,XOF,762.6726
2026-09-25,ZAR,21.6081
2026-09-26,AED,4.8652
2026-09-26,AUD,1.8857
2026-09-26,BGN,2.2741
2026-09-26,BRL,6.8635
2026-09-26,CAD,1.873
2026-09-26,CHF,1.0975
2026-09-26,CNY,8.8923
2026-09-26,COP,4381.7219
2026-09-26,CZK,28.329
2026-09-26,DKK,8.6928
2026-09-26,EUR,1.1627
2026-09-26,HKD,10.3902
2026-09-26,HUF,424.638
2026-09-26,IDR,23729.7481
2026-09-26,ILS,4.0375
2026-09-26,INR,126.9188
2026-09-26,JPY,208.3413
2026-09-26,KRW,1796.1091
2026-09-26,MKD,71.498
2026-09-26,MXN,23.4182
2026-09-26,MYR,5.3965
2026-09-26,NOK,12.5938
2026-09-26,NZD,2.3383
2026-09-26,PHP,82.5845
2026-09-26,PLN,5.0832
2026-09-26,RON,6.1312
2026-09-26,SEK,13.1379
2026-09-26,SGD,1.6922
2026-09-26,THB,44.2514
2026-09-26,TND,3.9178
2026-09-26,TRY,64.8467
2026-09-26,USD,1.3246
2026-09-26,VND,34405.053
2026-09-26,XOF,762.6726
2026-09-26,ZAR,21.6081
2026-09-27,AED,4.8584
2026-09-27,AUD,1.8873
2026-09-27,BGN,2.2741
2026-09-27,BRL,6.8644
2026-09-27,CAD,1.8725
2026-09-27,CHF,1.0977
2026-09-27,CNY,8.8807
2026-09-27,COP,4435.9049
2026-09-27,CZK,28.3389
2026-09-27,DKK,8.6912
2026-09-27,EUR,1.1626
2026-09-27,HKD,10.3766
2026-09-27,HUF,424.7201
2026-09-27,IDR,23754.2747
2026-09-27,ILS,4.0322
2026-09-27,INR,126.7163
2026-09-27,JPY,208.2613
2026-09-27,KRW,1793.3648
2026-09-27,MKD,71.4935
2026-09-27,MXN,23.4791
2026-09-27,MYR,5.3907
2026-09-27,NOK,12.5973
2026-09-27,NZD,2.3411
2026-09-27,PHP,82.5196
2026-09-27,PLN,5.084
2026-09-27,RON,6.1326
2026-09-27,SEK,13.1421
2026-09-27,SGD,1.6913
2026-09-27,THB,44.237
2026-09-27,TND,3.9176
2026-09-27,TRY,64.7914
2026-09-27,USD,1.3229
2026-09-27,VND,34369.3313
2026-09-27,XOF,762.6357
2026-09-27,ZAR,21.6185
2026-09-28,AED,4.8674
2026-09-28,AUD,1.8891
2026-09-28,BGN,2.2797
2026-09-28,BRL,6.9242
2026-09-28,CAD,1.8791
2026-09-28,CHF,1.1026
2026-09-28,CNY,8.8938
2026-09-28,COP,4383.5115
2026-09-28,CZK,28.4345
2026-09-28,DKK,8.7134
2026-09-28,EUR,1.1654
2026-09-28,HKD,10.3972
2026-09-28,HUF,428.0156
2026-09-28,IDR,23854.4762
2026-09-28,ILS,4.0816
2026-09-28,INR,127.2098
2026-09-28,JPY,208.5619
2026-09-28,KRW,1802.1984
2026-09-28,MKD,71.7802
2026-09-28,MXN,23.8215
2026-09-28,MYR,5.4107
2026-09-28,NOK,12.6413
2026-09-28,NZD,2.3406
2026-09-28,PHP,82.8764
2026-09-28,PLN,5.0941
2026-09-28,RON,6.1508
2026-09-28,SEK,13.2017
2026-09-28,SGD,1.6929
2026-09-28,THB,44.5584
2026-09-28,TND,3.925
2026-09-28,TRY,64.9413
2026-09-28,USD,1.3254
2026-09-28,VND,34424.7974
2026-09-28,XOF,764.444
2026-09-28,ZAR,21.7472
2026-09-29,AED,4.8587
2026-09-29,AUD,1.893
2026-09-29,BGN,2.2818
2026-09-29,BRL,6.8854
2026-09-29,CAD,1.8776
2026-09-29,CHF,1.1037
2026-09-29,CNY,8.8701
2026-09-29,COP,4462.0154
2026-09-29,CZK,28.5005
2026-09-29,DKK,8.7207
2026-09-29,EUR,1.1666
2026-09-29,HKD,10.3804
2026-09-29,HUF,428.1915
2026-09-29,IDR,23641.6649
2026-09-29,ILS,4.0575
2026-09-29,INR,127.0741
2026-09-29,JPY,208.2533
2026-09-29,KRW,1787.6519
2026-09-29,MKD,71.8153
2026-09-29,MXN,23.8756
2026-09-29,MYR,5.4007
2026-09-29,NOK,12.7008
2026-09-29,NZD,2.3458
2026-09-29,PHP,82.8389
2026-09-29,PLN,5.097
2026-09-29,RON,6.1563
2026-09-29,SEK,13.2218
2026-09-29,SGD,1.6905
2026-09-29,THB,44.3905
2026-09-29,TND,3.9328
2026-09-29,TRY,64.8436
2026-09-29,USD,1.323
2026-09-29,VND,34363.3135
2026-09-29,XOF,765.2414
2026-09-29,ZAR,21.691
2026-09-30,AED,4.8714
2026-09-30,AUD,1.91
2026-09-30,BGN,2.2903
2026-09-30,BRL,6.8719
2026-09-30,CAD,1.8884
2026-09-30,CHF,1.1085
2026-09-30,CNY,8.8935
2026-09-30,COP,4440.8976
2026-09-30,CZK,28.5993
2026-09-30,DKK,8.754
2026-09-30,EUR,1.171
2026-09-30,HKD,10.4078
2026-09-30,HUF,429.4128
2026-09-30,IDR,23758.7623
2026-09-30,ILS,4.0772
2026-09-30,INR,127.2437
2026-09-30,JPY,208.9898
2026-09-30,KRW,1801.1429
2026-09-30,MKD,72.0828
2026-09-30,MXN,23.9794
2026-09-30,MYR,5.4143
2026-09-30,NOK,12.7679
2026-09-30,NZD,2.3543
2026-09-30,PHP,83.2269
2026-09-30,PLN,5.1088
2026-09-30,RON,6.1782
2026-09-30,SEK,13.2764
2026-09-30,SGD,1.6951
2026-09-30,THB,44.5841
2026-09-30,TND,3.948
2026-09-30,TRY,65.039
2026-09-30,USD,1.3265
2026-09-30,VND,34444.3443
2026-09-30,XOF,768.1248
2026-09-30,ZAR,21.7846
2026-10-01,AED,4.8471
2026-10-01,AUD,1.9048
2026-10-01,BGN,2.2952
2026-10-01,BRL,6.8949
2026-10-01,CAD,1.8768
2026-10-01,CHF,1.0962
2026-10-01,CNY,8.849
2026-10-01,COP,4388.2951
2026-10-01,CZK,28.7032
2026-10-01,DKK,8.7713
2026-10-01,EUR,1.1733
2026-10-01,HKD,10.3557
2026-10-01,HUF,432.7376
2026-10-01,IDR,23695.2176
2026-10-01,ILS,4.0733
2026-10-01,INR,126.9999
2026-10-01,JPY,208.4417
2026-10-01,KRW,1796.3138
2026-10-01,MKD,72.2926
2026-10-01,MXN,24.1733
2026-10-01,MYR,5.3928
2026-10-01,NOK,12.7143
2026-10-01,NZD,2.3562
2026-10-01,PHP,82.8816
2026-10-01,PLN,5.1366
2026-10-01,RON,6.2706
2026-10-01,SEK,13.2557
2026-10-01,SGD,1.6897
2026-10-01,THB,44.4253
2026-10-01,TND,3.9555
2026-10-01,TRY,64.8351
2026-10-01,USD,1.3198
2026-10-01,VND,34298.9506
2026-10-01,XOF,769.6572
2026-10-01,ZAR,22.0432
2026-10-02,AED,4.8629
2026-10-02,AUD,1.903
2026-10-02,BGN,2.3015
2026-10-02,BRL,6.9012
2026-10-02,CAD,1.8867
2026-10-02,CHF,1.0972
2026-10-02,CNY,8.8768
2026-10-02,COP,4383.8099
2026-10-02,CZK,28.7551
2026-10-02,DKK,8.7952
2026-10-02,EUR,1.1766
2026-10-02,HKD,10.3893
2026-10-02,HUF,433.8331
2026-10-02,IDR,23684.337
2026-10-02,ILS,4.0412
2026-10-02,INR,127.3119
2026-10-02,JPY,208.9941
2026-10-02,KRW,1778.7436
2026-10-02,MKD,72.5558
2026-10-02,MXN,24.0537
2026-10-02,MYR,5.4084
2026-10-02,NOK,12.7327
2026-10-02,NZD,2.3581
2026-10-02,PHP,82.8511
2026-10-02,PLN,5.1602
2026-10-02,RON,6.2794
2026-10-02,SEK,13.2935
2026-10-02,SGD,1.6934
2026-10-02,THB,44.4319
2026-10-02,TND,3.9646
2026-10-02,TRY,65.0439
2026-10-02,USD,1.324
2026-10-02,VND,34406.3004
2026-10-02,XOF,771.8096
2026-10-02,ZAR,22.0436
2026-10-03,AED,4.8629
2026-10-03,AUD,1.903
2026-10-03,BGN,2.3015
2026-10-03,BRL,6.9012
2026-10-03,CAD,1.8867
2026-10-03,CHF,1.0972
2026-10-03,CNY,8.8768
2026-10-03,COP,4383.8099
2026-10-03,CZK,28.7551
2026-10-03,DKK,8.7952
2026-10-03,EUR,1.1766
2026-10-03,HKD,10.3893
2026-10-03,HUF,433.8331
2026-10-03,IDR,23684.337
2026-10-03,ILS,4.0412
2026-10-03,INR,127.3119
2026-10-03,JPY,208.9941
2026-10-03,KRW,1778.7436
2026-10-03,MKD,72.5558
2026-10-03,MXN,24.0537
2026-10-03,MYR,5.4084
2026-10-03,NOK,12.7327
2026-10-03,NZD,2.3581
2026-10-03,PHP,82.8511
2026-10-03,PLN,5.1602
2026-10-03,RON,6.2794
2026-10-03,SEK,13.2935
2026-10-03,SGD,1.6934
2026-10-03,THB,44.4319
2026-10-03,TND,3.9646
2026-10-03,TRY,65.0439
2026-10-03,USD,1.324
2026-10-03,VND,34406.3004
2026-10-03,XOF,771.8096
2026-10-03,ZAR,22.0436
2026-10-04,AED,4.8632
2026-10-04,AUD,1.9049
2026-10-04,BGN,2.3016
2026-10-04,BRL,6.9205
2026-10-04,CAD,1.8877
2026-10-04,CHF,1.0966
2026-10-04,CNY,8.8784
2026-10-04,COP,4383.5195
2026-10-04,CZK,28.7531
2026-10-04,DKK,8.7963
2026-10-04,EUR,1.1767
2026-10-04,HKD,10.3914
2026-10-04,HUF,433.469
2026-10-04,IDR,23722.9921
2026-10-04,ILS,4.042
2026-10-04,INR,127.556
2026-10-04,JPY,208.8885
2026-10-04,KRW,1779.0969
2026-10-04,MKD,72.4193
2026-10-04,MXN,24.0499
2026-10-04,MYR,5.4094
2026-10-04,NOK,12.7408
2026-10-04,NZD,2.3579
2026-10-04,PHP,82.8199
2026-10-04,PLN,5.1605
2026-10-04,RON,6.2806
2026-10-04,SEK,13.2922
2026-10-04,SGD,1.6943
2026-10-04,THB,44.4142
2026-10-04,TND,3.9375
2026-10-04,TRY,65.1037
2026-10-04,USD,1.3242
2026-10-04,VND,34413.1346
2026-10-04,XOF,771.8639
2026-10-04,ZAR,22.0566
2026-10-05,AED,4.8549
2026-10-05,AUD,1.8975
2026-10-05,BGN,2.3046
2026-10-05,BRL,6.6088
2026-10-05,CAD,1.8857
2026-10-05,CHF,1.099
2026-10-05,CNY,8.8634
2026-10-05,COP,4325.6583
2026-10-05,CZK,28.8151
2026-10-05,DKK,8.8089
2026-10-05,EUR,1.1785
2026-10-05,HKD,10.3736
2026-10-05,HUF,433.032
2026-10-05,IDR,23661.4362
2026-10-05,ILS,4.0371
2026-10-05,INR,127.362
2026-10-05,JPY,208.8154
2026-10-05,KRW,1776.619
2026-10-05,MKD,72.5393
2026-10-05,MXN,23.8987
2026-10-05,MYR,5.4029
2026-10-05,NOK,12.6844
2026-10-05,NZD,2.3616
2026-10-05,PHP,82.8049
2026-10-05,PLN,5.1645
2026-10-05,RON,6.2953
2026-10-05,SEK,13.272
2026-10-05,SGD,1.6917
2026-10-05,THB,44.5502
2026-10-05,TND,3.9426
2026-10-05,TRY,64.9682
2026-10-05,USD,1.322
2026-10-05,VND,34372.4503
2026-10-05,XOF,773.0289
2026-10-05,ZAR,22.0018
2026-10-06,AED,4.8721
2026-10-06,AUD,1.9004
2026-10-06,BGN,2.3057
2026-10-06,BRL,6.6106
2026-10-06,CAD,1.8856
2026-10-06,CHF,1.1043
2026-10-06,CNY,8.8948
2026-10-06,COP,4247.8701
2026-10-06,CZK,28.7744
2026-10-06,DKK,8.8121
2026-10-06,EUR,1.1789
2026-10-06,HKD,10.4115
2026-10-06,HUF,430.4867
2026-10-06,IDR,23677.5354
2026-10-06,ILS,4.0393
2026-10-06,INR,127.8504
2026-10-06,JPY,210.0127
2026-10-06,KRW,1777.6394
2026-10-06,MKD,72.545
2026-10-06,MXN,23.842
2026-10-06,MYR,5.421
2026-10-06,NOK,12.6736
2026-10-06,NZD,2.3592
2026-10-06,PHP,83.2235
2026-10-06,PLN,5.1531
2026-10-06,RON,6.3048
2026-10-06,SEK,13.2648
2026-10-06,SGD,1.6952
2026-10-06,THB,44.5888
2026-10-06,TND,3.9687
2026-10-06,TRY,65.2741
2026-10-06,USD,1.3267
2026-10-06,VND,34485.3733
2026-10-06,XOF,773.3192
2026-10-06,ZAR,21.9414
2026-10-07,AED,4.8527
2026-10-07,AUD,1.898
2026-10-07,BGN,2.3072
2026-10-07,BRL,6.6334
2026-10-07,CAD,1.8842
2026-10-07,CHF,1.1008
2026-10-07,CNY,8.8595
2026-10-07,COP,4277.1105
2026-10-07,CZK,28.8127
2026-10-07,DKK,8.818
2026-10-07,EUR,1.1797
2026-10-07,HKD,10.3697
2026-10-07,HUF,431.8218
2026-10-07,IDR,23646.5736
2026-10-07,ILS,4.0594
2026-10-07,INR,127.8518
2026-10-07,JPY,208.9047
2026-10-07,KRW,1770.752
2026-10-07,MKD,72.6595
2026-10-07,MXN,23.7555
2026-10-07,MYR,5.3998
2026-10-07,NOK,12.6486
2026-10-07,NZD,2.3597
2026-10-07,PHP,82.8354
2026-10-07,PLN,5.1648
2026-10-07,RON,6.3155
2026-10-07,SEK,13.2126
2026-10-07,SGD,1.691
2026-10-07,THB,44.4232
2026-10-07,TND,3.9577
2026-10-07,TRY,65.0352
2026-10-07,USD,1.3214
2026-10-07,VND,34330.2294
2026-10-07,XOF,773.8582
2026-10-07,ZAR,21.9839
